id,RainTomorrow
1,0
2,0
3,0
4,1
5,0
6,0
7,0
8,1
9,0
10,0
11,0
12,1
13,0
14,1
15,0
16,1
17,0
18,0
19,0
20,0
21,0
22,0
23,0
24,0
25,0
26,0
27,0
28,0
29,0
30,0
31,0
32,0
33,0
34,0
35,0
36,0
37,0
38,0
39,1
40,0
41,0
42,0
43,0
44,1
45,0
46,1
47,1
48,1
49,0
50,0
51,0
52,0
53,0
54,0
55,0
56,0
57,0
58,0
59,1
60,0
61,1
62,0
63,0
64,0
65,0
66,0
67,0
68,1
69,0
70,0
71,0
72,0
73,0
74,0
75,0
76,0
77,0
78,0
79,0
80,0
81,0
82,0
83,1
84,1
85,0
86,1
87,0
88,0
89,1
90,0
91,0
92,0
93,0
94,0
95,0
96,0
97,0
98,0
99,1
100,0
101,0
102,0
103,0
104,0
105,0
106,0
107,0
108,1
109,1
110,0
111,0
112,0
113,0
114,1
115,0
116,0
117,1
118,0
119,0
120,1
121,0
122,0
123,0
124,0
125,0
126,0
127,0
128,0
129,0
130,0
131,0
132,0
133,0
134,0
135,1
136,0
137,0
138,1
139,0
140,0
141,0
142,0
143,0
144,0
145,0
146,0
147,0
148,0
149,0
150,0
151,0
152,0
153,0
154,0
155,0
156,0
157,0
158,0
159,0
160,0
161,0
162,0
163,0
164,0
165,0
166,1
167,1
168,0
169,0
170,0
171,0
172,0
173,0
174,0
175,0
176,0
177,0
178,0
179,0
180,0
181,0
182,0
183,0
184,0
185,0
186,0
187,0
188,0
189,0
190,0
191,0
192,1
193,0
194,0
195,0
196,1
197,0
198,1
199,0
200,0
201,0
202,0
203,0
204,0
205,0
206,0
207,0
208,0
209,0
210,0
211,0
212,0
213,0
214,0
215,0
216,0
217,1
218,0
219,0
220,0
221,0
222,0
223,0
224,0
225,0
226,0
227,0
228,0
229,0
230,0
231,0
232,0
233,0
234,0
235,1
236,1
237,0
238,0
239,0
240,0
241,0
242,0
243,0
244,1
245,0
246,0
247,0
248,0
249,0
250,1
251,0
252,0
253,0
254,0
255,0
256,0
257,0
258,0
259,0
260,0
261,0
262,0
263,0
264,0
265,0
266,0
267,0
268,0
269,0
270,0
271,0
272,0
273,0
274,0
275,0
276,0
277,0
278,0
279,0
280,0
281,0
282,1
283,0
284,0
285,1
286,0
287,0
288,1
289,0
290,0
291,0
292,0
293,0
294,0
295,0
296,0
297,0
298,0
299,0
300,0
301,1
302,0
303,0
304,0
305,0
306,0
307,0
308,0
309,0
310,0
311,0
312,0
313,0
314,0
315,0
316,0
317,0
318,0
319,0
320,0
321,0
322,0
323,1
324,0
325,0
326,0
327,0
328,0
329,0
330,0
331,0
332,0
333,0
334,0
335,0
336,0
337,0
338,0
339,0
340,0
341,0
342,0
343,0
344,0
345,0
346,1
347,1
348,0
349,0
350,0
351,0
352,0
353,0
354,0
355,0
356,0
357,0
358,0
359,0
360,0
361,0
362,0
363,0
364,0
365,0
366,0
367,0
368,0
369,0
370,0
371,1
372,0
373,0
374,1
375,0
376,0
377,0
378,0
379,0
380,0
381,0
382,0
383,0
384,0
385,0
386,0
387,0
388,0
389,0
390,0
391,0
392,0
393,0
394,0
395,0
396,0
397,1
398,0
399,0
400,0
401,0
402,0
403,0
404,0
405,0
406,1
407,0
408,0
409,0
410,0
411,0
412,0
413,0
414,0
415,0
416,1
417,0
418,0
419,0
420,1
421,1
422,0
423,0
424,0
425,1
426,0
427,1
428,0
429,0
430,0
431,0
432,0
433,0
434,0
435,0
436,0
437,0
438,0
439,0
440,0
441,0
442,0
443,0
444,0
445,0
446,0
447,0
448,0
449,0
450,0
451,0
452,0
453,0
454,0
455,0
456,0
457,0
458,0
459,0
460,0
461,0
462,0
463,0
464,0
465,0
466,0
467,0
468,0
469,0
470,0
471,0
472,0
473,0
474,0
475,0
476,0
477,0
478,0
479,0
480,0
481,0
482,0
483,1
484,0
485,0
486,0
487,0
488,0
489,0
490,0
491,0
492,0
493,0
494,0
495,0
496,0
497,0
498,0
499,0
500,0
501,0
502,0
503,0
504,0
505,0
506,0
507,1
508,0
509,0
510,0
511,0
512,0
513,0
514,0
515,0
516,0
517,0
518,0
519,0
520,0
521,0
522,0
523,0
524,0
525,0
526,0
527,0
528,0
529,0
530,0
531,0
532,0
533,0
534,0
535,0
536,0
537,0
538,0
539,0
540,0
541,0
542,0
543,0
544,0
545,0
546,0
547,0
548,0
549,0
550,0
551,0
552,0
553,0
554,0
555,0
556,0
557,0
558,0
559,0
560,0
561,0
562,0
563,0
564,0
565,0
566,0
567,0
568,0
569,0
570,0
571,0
572,0
573,0
574,0
575,0
576,0
577,0
578,0
579,0
580,0
581,0
582,0
583,0
584,0
585,0
586,0
587,0
588,0
589,0
590,0
591,0
592,0
593,0
594,0
595,0
596,0
597,0
598,0
599,0
600,0
601,0
602,0
603,0
604,1
605,0
606,0
607,0
608,0
609,0
610,0
611,0
612,0
613,0
614,0
615,0
616,0
617,0
618,0
619,0
620,0
621,0
622,0
623,0
624,0
625,0
626,0
627,0
628,0
629,0
630,0
631,0
632,0
633,0
634,0
635,0
636,0
637,0
638,0
639,0
640,0
641,0
642,0
643,0
644,0
645,0
646,0
647,0
648,0
649,1
650,0
651,0
652,0
653,1
654,1
655,0
656,0
657,1
658,1
659,0
660,0
661,0
662,0
663,0
664,1
665,0
666,0
667,0
668,0
669,0
670,0
671,1
672,0
673,0
674,0
675,0
676,1
677,0
678,0
679,0
680,0
681,1
682,0
683,0
684,0
685,1
686,1
687,0
688,0
689,0
690,1
691,0
692,0
693,0
694,0
695,1
696,0
697,0
698,1
699,0
700,1
701,1
702,1
703,0
704,0
705,0
706,0
707,0
708,0
709,0
710,0
711,0
712,0
713,1
714,0
715,0
716,0
717,0
718,0
719,0
720,0
721,0
722,0
723,1
724,1
725,0
726,1
727,0
728,0
729,0
730,1
731,0
732,0
733,0
734,0
735,1
736,0
737,1
738,0
739,0
740,0
741,0
742,0
743,1
744,0
745,0
746,0
747,0
748,0
749,1
750,0
751,0
752,0
753,0
754,0
755,0
756,1
757,0
758,0
759,0
760,0
761,0
762,0
763,0
764,0
765,1
766,1
767,1
768,0
769,0
770,1
771,0
772,0
773,0
774,0
775,1
776,0
777,0
778,0
779,0
780,0
781,0
782,0
783,0
784,0
785,0
786,0
787,0
788,0
789,0
790,0
791,0
792,0
793,0
794,0
795,0
796,0
797,1
798,0
799,1
800,0
801,0
802,0
803,0
804,0
805,0
806,0
807,1
808,0
809,0
810,0
811,0
812,0
813,0
814,0
815,0
816,0
817,0
818,1
819,0
820,1
821,1
822,0
823,1
824,0
825,0
826,0
827,0
828,0
829,0
830,0
831,0
832,0
833,0
834,0
835,0
836,0
837,0
838,0
839,1
840,1
841,0
842,0
843,0
844,0
845,0
846,0
847,0
848,0
849,1
850,0
851,0
852,1
853,0
854,0
855,0
856,0
857,0
858,0
859,0
860,0
861,0
862,0
863,0
864,0
865,0
866,0
867,0
868,1
869,0
870,0
871,0
872,0
873,0
874,0
875,0
876,0
877,0
878,0
879,0
880,0
881,1
882,0
883,0
884,0
885,0
886,0
887,0
888,1
889,0
890,1
891,0
892,0
893,0
894,0
895,0
896,0
897,0
898,0
899,0
900,0
901,0
902,0
903,1
904,0
905,0
906,0
907,0
908,0
909,0
910,0
911,1
912,0
913,1
914,0
915,1
916,1
917,0
918,1
919,0
920,1
921,0
922,0
923,0
924,1
925,0
926,0
927,0
928,0
929,0
930,0
931,0
932,0
933,0
934,0
935,0
936,0
937,0
938,0
939,0
940,0
941,0
942,0
943,0
944,0
945,0
946,0
947,0
948,0
949,0
950,0
951,1
952,0
953,0
954,0
955,0
956,0
957,0
958,0
959,0
960,0
961,0
962,0
963,0
964,0
965,0
966,0
967,0
968,0
969,0
970,0
971,0
972,0
973,0
974,1
975,0
976,0
977,1
978,0
979,0
980,0
981,0
982,0
983,0
984,0
985,0
986,0
987,0
988,0
989,0
990,0
991,0
992,0
993,0
994,0
995,0
996,0
997,0
998,0
999,0
1000,0
1001,0
1002,0
1003,0
1004,0
1005,0
1006,0
1007,0
1008,0
1009,0
1010,0
1011,0
1012,0
1013,0
1014,0
1015,0
1016,0
1017,0
1018,0
1019,0
1020,0
1021,0
1022,0
1023,0
1024,0
1025,0
1026,0
1027,0
1028,0
1029,0
1030,0
1031,0
1032,0
1033,0
1034,1
1035,0
1036,0
1037,0
1038,0
1039,0
1040,0
1041,0
1042,0
1043,1
1044,1
1045,0
1046,1
1047,0
1048,0
1049,0
1050,0
1051,0
1052,0
1053,0
1054,0
1055,0
1056,0
1057,0
1058,0
1059,0
1060,0
1061,0
1062,0
1063,0
1064,0
1065,0
1066,0
1067,0
1068,0
1069,0
1070,0
1071,0
1072,0
1073,0
1074,0
1075,0
1076,0
1077,0
1078,0
1079,1
1080,1
1081,0
1082,0
1083,0
1084,0
1085,0
1086,0
1087,0
1088,0
1089,0
1090,0
1091,0
1092,1
1093,0
1094,0
1095,0
1096,0
1097,0
1098,0
1099,0
1100,1
1101,0
1102,0
1103,0
1104,0
1105,0
1106,0
1107,1
1108,1
1109,0
1110,0
1111,0
1112,0
1113,1
1114,1
1115,0
1116,0
1117,0
1118,0
1119,0
1120,0
1121,0
1122,0
1123,0
1124,0
1125,0
1126,1
1127,0
1128,0
1129,0
1130,0
1131,1
1132,0
1133,0
1134,0
1135,0
1136,0
1137,0
1138,0
1139,0
1140,0
1141,0
1142,0
1143,0
1144,1
1145,0
1146,0
1147,0
1148,0
1149,0
1150,0
1151,0
1152,0
1153,0
1154,0
1155,0
1156,0
1157,0
1158,0
1159,0
1160,0
1161,0
1162,0
1163,0
1164,1
1165,0
1166,0
1167,0
1168,0
1169,0
1170,0
1171,0
1172,0
1173,0
1174,0
1175,0
1176,0
1177,1
1178,1
1179,0
1180,0
1181,0
1182,0
1183,0
1184,0
1185,0
1186,0
1187,0
1188,1
1189,0
1190,1
1191,0
1192,1
1193,0
1194,0
1195,0
1196,0
1197,1
1198,0
1199,0
1200,0
1201,0
1202,0
1203,0
1204,1
1205,0
1206,0
1207,0
1208,0
1209,0
1210,0
1211,0
1212,0
1213,0
1214,0
1215,0
1216,0
1217,0
1218,0
1219,0
1220,0
1221,0
1222,0
1223,0
1224,0
1225,0
1226,0
1227,0
1228,0
1229,0
1230,0
1231,0
1232,0
1233,0
1234,0
1235,0
1236,0
1237,0
1238,0
1239,0
1240,0
1241,0
1242,0
1243,0
1244,0
1245,0
1246,0
1247,0
1248,0
1249,0
1250,0
1251,0
1252,0
1253,0
1254,0
1255,0
1256,0
1257,0
1258,0
1259,0
1260,0
1261,0
1262,0
1263,0
1264,0
1265,0
1266,0
1267,0
1268,0
1269,0
1270,0
1271,0
1272,0
1273,1
1274,1
1275,0
1276,0
1277,1
1278,0
1279,0
1280,0
1281,0
1282,0
1283,1
1284,0
1285,0
1286,0
1287,0
1288,0
1289,0
1290,0
1291,0
1292,0
1293,0
1294,1
1295,1
1296,0
1297,1
1298,0
1299,0
1300,0
1301,0
1302,0
1303,0
1304,1
1305,1
1306,1
1307,0
1308,0
1309,0
1310,0
1311,0
1312,1
1313,0
1314,0
1315,1
1316,1
1317,0
1318,0
1319,0
1320,1
1321,1
1322,0
1323,0
1324,0
1325,0
1326,0
1327,1
1328,0
1329,1
1330,0
1331,0
1332,1
1333,0
1334,0
1335,0
1336,0
1337,1
1338,0
1339,0
1340,0
1341,0
1342,0
1343,0
1344,0
1345,0
1346,0
1347,0
1348,0
1349,0
1350,0
1351,0
1352,0
1353,0
1354,0
1355,0
1356,0
1357,1
1358,0
1359,0
1360,0
1361,1
1362,1
1363,0
1364,0
1365,0
1366,0
1367,0
1368,0
1369,0
1370,0
1371,1
1372,0
1373,0
1374,0
1375,0
1376,0
1377,0
1378,0
1379,1
1380,0
1381,1
1382,0
1383,0
1384,1
1385,0
1386,0
1387,0
1388,0
1389,0
1390,0
1391,0
1392,0
1393,0
1394,0
1395,0
1396,0
1397,0
1398,0
1399,1
1400,0
1401,0
1402,0
1403,0
1404,0
1405,0
1406,1
1407,0
1408,1
1409,1
1410,0
1411,0
1412,1
1413,0
1414,1
1415,0
1416,0
1417,0
1418,1
1419,0
1420,0
1421,0
1422,0
1423,0
1424,1
1425,0
1426,0
1427,0
1428,1
1429,1
1430,0
1431,0
1432,1
1433,0
1434,1
1435,0
1436,0
1437,1
1438,0
1439,0
1440,0
1441,0
1442,0
1443,0
1444,0
1445,0
1446,0
1447,0
1448,1
1449,1
1450,0
1451,0
1452,0
1453,0
1454,0
1455,0
1456,1
1457,1
1458,0
1459,1
1460,1
1461,1
1462,1
1463,0
1464,0
1465,0
1466,0
1467,0
1468,0
1469,0
1470,0
1471,0
1472,1
1473,0
1474,1
1475,1
1476,0
1477,0
1478,0
1479,0
1480,0
1481,0
1482,0
1483,0
1484,0
1485,0
1486,0
1487,0
1488,1
1489,1
1490,1
1491,0
1492,0
1493,0
1494,0
1495,0
1496,0
1497,0
1498,0
1499,0
1500,0
1501,1
1502,0
1503,0
1504,1
1505,0
1506,1
1507,1
1508,1
1509,0
1510,1
1511,1
1512,0
1513,0
1514,0
1515,0
1516,1
1517,0
1518,1
1519,0
1520,0
1521,0
1522,1
1523,0
1524,0
1525,1
1526,0
1527,1
1528,1
1529,0
1530,1
1531,1
1532,0
1533,0
1534,0
1535,0
1536,1
1537,1
1538,0
1539,0
1540,0
1541,0
1542,0
1543,1
1544,1
1545,0
1546,1
1547,1
1548,1
1549,0
1550,0
1551,1
1552,1
1553,1
1554,1
1555,1
1556,0
1557,1
1558,0
1559,0
1560,0
1561,1
1562,1
1563,0
1564,0
1565,1
1566,0
1567,0
1568,0
1569,0
1570,0
1571,0
1572,0
1573,1
1574,1
1575,0
1576,0
1577,0
1578,0
1579,0
1580,0
1581,0
1582,0
1583,1
1584,0
1585,0
1586,0
1587,1
1588,0
1589,0
1590,0
1591,0
1592,0
1593,0
1594,0
1595,0
1596,1
1597,0
1598,0
1599,0
1600,0
1601,0
1602,0
1603,0
1604,0
1605,1
1606,0
1607,0
1608,0
1609,0
1610,0
1611,0
1612,1
1613,0
1614,0
1615,0
1616,1
1617,1
1618,0
1619,0
1620,1
1621,1
1622,0
1623,0
1624,0
1625,0
1626,0
1627,1
1628,1
1629,0
1630,0
1631,0
1632,0
1633,0
1634,0
1635,0
1636,1
1637,0
1638,0
1639,1
1640,0
1641,0
1642,0
1643,1
1644,0
1645,0
1646,0
1647,0
1648,0
1649,0
1650,0
1651,0
1652,1
1653,0
1654,0
1655,0
1656,0
1657,0
1658,1
1659,1
1660,0
1661,0
1662,0
1663,0
1664,0
1665,1
1666,0
1667,1
1668,0
1669,0
1670,0
1671,0
1672,1
1673,0
1674,1
1675,0
1676,0
1677,0
1678,0
1679,0
1680,0
1681,0
1682,0
1683,0
1684,0
1685,0
1686,0
1687,0
1688,0
1689,0
1690,0
1691,0
1692,0
1693,0
1694,0
1695,0
1696,0
1697,0
1698,0
1699,0
1700,0
1701,0
1702,0
1703,0
1704,0
1705,0
1706,0
1707,0
1708,0
1709,0
1710,0
1711,0
1712,0
1713,1
1714,0
1715,0
1716,1
1717,0
1718,0
1719,0
1720,1
1721,0
1722,0
1723,0
1724,0
1725,0
1726,0
1727,0
1728,0
1729,0
1730,0
1731,1
1732,1
1733,1
1734,0
1735,0
1736,0
1737,0
1738,0
1739,0
1740,0
1741,0
1742,0
1743,0
1744,0
1745,0
1746,0
1747,0
1748,0
1749,0
1750,0
1751,0
1752,0
1753,0
1754,1
1755,0
1756,0
1757,0
1758,0
1759,0
1760,0
1761,0
1762,0
1763,0
1764,0
1765,0
1766,0
1767,0
1768,0
1769,0
1770,0
1771,0
1772,0
1773,0
1774,0
1775,0
1776,0
1777,0
1778,0
1779,0
1780,0
1781,0
1782,1
1783,1
1784,0
1785,0
1786,1
1787,0
1788,0
1789,0
1790,0
1791,0
1792,0
1793,0
1794,0
1795,0
1796,0
1797,0
1798,0
1799,0
1800,0
1801,0
1802,0
1803,0
1804,0
1805,0
1806,0
1807,0
1808,0
1809,0
1810,0
1811,0
1812,0
1813,0
1814,0
1815,0
1816,0
1817,0
1818,0
1819,0
1820,0
1821,0
1822,0
1823,0
1824,0
1825,0
1826,0
1827,0
1828,0
1829,0
1830,0
1831,0
1832,0
1833,0
1834,0
1835,0
1836,0
1837,0
1838,0
1839,0
1840,0
1841,0
1842,0
1843,0
1844,0
1845,0
1846,0
1847,0
1848,0
1849,0
1850,0
1851,0
1852,0
1853,0
1854,0
1855,0
1856,0
1857,0
1858,0
1859,0
1860,0
1861,0
1862,0
1863,0
1864,0
1865,0
1866,0
1867,0
1868,0
1869,0
1870,0
1871,0
1872,0
1873,0
1874,0
1875,0
1876,0
1877,0
1878,0
1879,0
1880,0
1881,0
1882,0
1883,0
1884,0
1885,0
1886,0
1887,0
1888,0
1889,1
1890,0
1891,0
1892,0
1893,0
1894,0
1895,0
1896,0
1897,0
1898,0
1899,0
1900,0
1901,0
1902,0
1903,0
1904,0
1905,0
1906,0
1907,0
1908,0
1909,0
1910,0
1911,0
1912,0
1913,0
1914,0
1915,0
1916,0
1917,1
1918,1
1919,0
1920,0
1921,0
1922,0
1923,1
1924,0
1925,0
1926,0
1927,0
1928,0
1929,0
1930,0
1931,0
1932,0
1933,0
1934,0
1935,0
1936,0
1937,0
1938,0
1939,0
1940,1
1941,0
1942,0
1943,0
1944,0
1945,1
1946,0
1947,0
1948,0
1949,0
1950,0
1951,0
1952,0
1953,0
1954,0
1955,0
1956,0
1957,0
1958,0
1959,0
1960,0
1961,0
1962,0
1963,0
1964,0
1965,1
1966,0
1967,0
1968,1
1969,0
1970,0
1971,0
1972,0
1973,0
1974,0
1975,1
1976,0
1977,0
1978,0
1979,0
1980,0
1981,0
1982,0
1983,0
1984,0
1985,0
1986,0
1987,0
1988,0
1989,0
1990,0
1991,0
1992,0
1993,0
1994,0
1995,0
1996,0
1997,0
1998,0
1999,0
2000,0
2001,0
2002,0
2003,0
2004,0
2005,0
2006,0
2007,0
2008,1
2009,0
2010,0
2011,0
2012,0
2013,0
2014,0
2015,0
2016,0
2017,0
2018,0
2019,0
2020,1
2021,0
2022,1
2023,0
2024,0
2025,0
2026,0
2027,0
2028,0
2029,0
2030,0
2031,0
2032,1
2033,0
2034,0
2035,0
2036,0
2037,0
2038,0
2039,1
2040,0
2041,0
2042,0
2043,0
2044,0
2045,0
2046,0
2047,0
2048,0
2049,0
2050,1
2051,1
2052,0
2053,1
2054,0
2055,1
2056,0
2057,0
2058,1
2059,0
2060,0
2061,1
2062,0
2063,0
2064,0
2065,0
2066,0
2067,0
2068,0
2069,0
2070,0
2071,0
2072,0
2073,0
2074,0
2075,0
2076,1
2077,0
2078,0
2079,0
2080,0
2081,0
2082,0
2083,0
2084,0
2085,0
2086,0
2087,0
2088,0
2089,0
2090,0
2091,0
2092,0
2093,1
2094,0
2095,0
2096,0
2097,0
2098,0
2099,0
2100,0
2101,0
2102,0
2103,0
2104,0
2105,0
2106,0
2107,0
2108,0
2109,0
2110,0
2111,0
2112,0
2113,0
2114,0
2115,0
2116,0
2117,0
2118,0
2119,0
2120,0
2121,0
2122,0
2123,0
2124,0
2125,0
2126,0
2127,0
2128,0
2129,1
2130,0
2131,0
2132,0
2133,0
2134,0
2135,1
2136,1
2137,0
2138,0
2139,1
2140,1
2141,0
2142,0
2143,0
2144,0
2145,0
2146,0
2147,0
2148,0
2149,0
2150,0
2151,0
2152,1
2153,0
2154,0
2155,1
2156,0
2157,1
2158,1
2159,0
2160,0
2161,1
2162,0
2163,0
2164,0
2165,0
2166,0
2167,0
2168,0
2169,0
2170,0
2171,0
2172,1
2173,0
2174,0
2175,0
2176,0
2177,0
2178,0
2179,0
2180,0
2181,1
2182,0
2183,0
2184,0
2185,0
2186,0
2187,0
2188,1
2189,0
2190,0
2191,0
2192,0
2193,0
2194,0
2195,0
2196,0
2197,1
2198,0
2199,0
2200,1
2201,0
2202,0
2203,0
2204,0
2205,0
2206,0
2207,0
2208,0
2209,0
2210,0
2211,0
2212,0
2213,1
2214,1
2215,0
2216,0
2217,0
2218,0
2219,0
2220,0
2221,0
2222,0
2223,0
2224,0
2225,0
2226,1
2227,0
2228,0
2229,0
2230,0
2231,0
2232,0
2233,0
2234,1
2235,0
2236,0
2237,0
2238,0
2239,0
2240,1
2241,0
2242,0
2243,0
2244,0
2245,0
2246,1
2247,0
2248,0
2249,1
2250,0
2251,0
2252,0
2253,0
2254,1
2255,1
2256,0
2257,0
2258,0
2259,0
2260,0
2261,1
2262,0
2263,1
2264,0
2265,0
2266,0
2267,1
2268,0
2269,0
2270,0
2271,0
2272,0
2273,0
2274,0
2275,1
2276,0
2277,0
2278,1
2279,0
2280,0
2281,0
2282,0
2283,0
2284,1
2285,0
2286,0
2287,0
2288,1
2289,1
2290,0
2291,1
2292,1
2293,1
2294,0
2295,0
2296,0
2297,0
2298,0
2299,0
2300,0
2301,0
2302,0
2303,0
2304,0
2305,0
2306,1
2307,0
2308,0
2309,0
2310,0
2311,0
2312,0
2313,1
2314,1
2315,0
2316,0
2317,0
2318,0
2319,0
2320,0
2321,0
2322,0
2323,0
2324,0
2325,0
2326,0
2327,0
2328,0
2329,0
2330,0
2331,0
2332,0
2333,0
2334,0
2335,0
2336,0
2337,1
2338,0
2339,0
2340,0
2341,0
2342,1
2343,0
2344,0
2345,1
2346,1
2347,0
2348,0
2349,0
2350,0
2351,0
2352,0
2353,0
2354,0
2355,1
2356,0
2357,0
2358,0
2359,0
2360,1
2361,0
2362,0
2363,0
2364,0
2365,1
2366,0
2367,0
2368,0
2369,0
2370,0
2371,0
2372,0
2373,1
2374,0
2375,1
2376,1
2377,0
2378,0
2379,0
2380,0
2381,0
2382,1
2383,0
2384,0
2385,0
2386,0
2387,0
2388,0
2389,0
2390,0
2391,0
2392,0
2393,0
2394,0
2395,0
2396,0
2397,0
2398,0
2399,0
2400,0
2401,0
2402,1
2403,0
2404,0
2405,0
2406,0
2407,1
2408,0
2409,0
2410,0
2411,1
2412,0
2413,0
2414,0
2415,0
2416,0
2417,0
2418,0
2419,1
2420,0
2421,0
2422,1
2423,0
2424,0
2425,0
2426,1
2427,0
2428,0
2429,0
2430,0
2431,0
2432,0
2433,1
2434,0
2435,0
2436,1
2437,0
2438,1
2439,0
2440,0
2441,0
2442,0
2443,0
2444,0
2445,0
2446,0
2447,1
2448,0
2449,0
2450,0
2451,0
2452,0
2453,0
2454,0
2455,0
2456,0
2457,0
2458,0
2459,0
2460,0
2461,0
2462,0
2463,0
2464,0
2465,0
2466,0
2467,0
2468,0
2469,0
2470,0
2471,0
2472,0
2473,0
2474,0
2475,1
2476,0
2477,0
2478,0
2479,1
2480,0
2481,0
2482,0
2483,0
2484,1
2485,0
2486,0
2487,0
2488,1
2489,0
2490,0
2491,0
2492,0
2493,0
2494,1
2495,1
2496,0
2497,1
2498,1
2499,0
2500,0
2501,0
2502,0
2503,0
2504,1
2505,0
2506,0
2507,0
2508,0
2509,0
2510,0
2511,0
2512,0
2513,1
2514,0
2515,1
2516,0
2517,0
2518,0
2519,1
2520,1
2521,1
2522,0
2523,0
2524,0
2525,0
2526,0
2527,1
2528,0
2529,0
2530,0
2531,0
2532,0
2533,1
2534,0
2535,0
2536,0
2537,0
2538,0
2539,0
2540,0
2541,0
2542,0
2543,0
2544,0
2545,0
2546,0
2547,0
2548,0
2549,0
2550,0
2551,0
2552,1
2553,1
2554,0
2555,1
2556,0
2557,0
2558,0
2559,0
2560,1
2561,0
2562,0
2563,0
2564,1
2565,1
2566,0
2567,0
2568,0
2569,1
2570,0
2571,0
2572,0
2573,0
2574,0
2575,0
2576,0
2577,0
2578,0
2579,0
2580,0
2581,0
2582,1
2583,1
2584,1
2585,0
2586,0
2587,0
2588,0
2589,0
2590,0
2591,0
2592,1
2593,0
2594,0
2595,0
2596,0
2597,0
2598,0
2599,0
2600,0
2601,0
2602,0
2603,0
2604,0
2605,0
2606,0
2607,0
2608,0
2609,0
2610,0
2611,0
2612,0
2613,0
2614,0
2615,0
2616,0
2617,1
2618,0
2619,0
2620,0
2621,0
2622,0
2623,0
2624,0
2625,0
2626,0
2627,0
2628,0
2629,0
2630,0
2631,0
2632,0
2633,0
2634,0
2635,0
2636,0
2637,0
2638,1
2639,0
2640,0
2641,0
2642,0
2643,0
2644,1
2645,0
2646,0
2647,0
2648,1
2649,0
2650,1
2651,0
2652,0
2653,0
2654,0
2655,0
2656,0
2657,0
2658,0
2659,0
2660,0
2661,0
2662,0
2663,0
2664,0
2665,0
2666,0
2667,0
2668,0
2669,0
2670,0
2671,0
2672,1
2673,0
2674,0
2675,0
2676,0
2677,1
2678,0
2679,1
2680,0
2681,0
2682,0
2683,0
2684,0
2685,0
2686,0
2687,1
2688,0
2689,0
2690,0
2691,0
2692,0
2693,0
2694,0
2695,0
2696,0
2697,0
2698,0
2699,0
2700,0
2701,0
2702,0
2703,0
2704,0
2705,1
2706,1
2707,0
2708,0
2709,0
2710,0
2711,0
2712,0
2713,1
2714,0
2715,0
2716,0
2717,0
2718,1
2719,0
2720,0
2721,0
2722,0
2723,0
2724,0
2725,0
2726,0
2727,0
2728,0
2729,0
2730,0
2731,0
2732,1
2733,0
2734,0
2735,0
2736,0
2737,0
2738,0
2739,0
2740,0
2741,1
2742,0
2743,0
2744,0
2745,0
2746,1
2747,0
2748,0
2749,0
2750,0
2751,0
2752,0
2753,0
2754,0
2755,1
2756,1
2757,0
2758,0
2759,1
2760,0
2761,0
2762,0
2763,0
2764,0
2765,0
2766,0
2767,1
2768,1
2769,1
2770,0
2771,0
2772,0
2773,0
2774,0
2775,0
2776,0
2777,0
2778,0
2779,1
2780,0
2781,0
2782,0
2783,1
2784,0
2785,0
2786,0
2787,0
2788,0
2789,0
2790,0
2791,0
2792,1
2793,0
2794,0
2795,0
2796,0
2797,0
2798,0
2799,0
2800,0
2801,1
2802,0
2803,0
2804,0
2805,1
2806,0
2807,0
2808,0
2809,0
2810,0
2811,0
2812,0
2813,0
2814,0
2815,0
2816,0
2817,0
2818,0
2819,1
2820,0
2821,0
2822,0
2823,0
2824,0
2825,0
2826,0
2827,0
2828,0
2829,0
2830,0
2831,0
2832,0
2833,0
2834,1
2835,0
2836,0
2837,0
2838,0
2839,0
2840,0
2841,0
2842,0
2843,0
2844,0
2845,0
2846,0
2847,0
2848,0
2849,0
2850,0
2851,0
2852,0
2853,0
2854,0
2855,1
2856,0
2857,0
2858,0
2859,0
2860,0
2861,0
2862,0
2863,0
2864,0
2865,0
2866,1
2867,0
2868,1
2869,0
2870,0
2871,0
2872,0
2873,1
2874,0
2875,0
2876,1
2877,0
2878,0
2879,0
2880,0
2881,1
2882,1
2883,0
2884,0
2885,1
2886,0
2887,0
2888,0
2889,0
2890,0
2891,0
2892,0
2893,0
2894,0
2895,0
2896,0
2897,0
2898,0
2899,0
2900,0
2901,0
2902,0
2903,0
2904,0
2905,0
2906,0
2907,1
2908,0
2909,1
2910,1
2911,0
2912,0
2913,0
2914,0
2915,0
2916,1
2917,0
2918,0
2919,0
2920,0
2921,0
2922,0
2923,0
2924,1
2925,1
2926,0
2927,0
2928,0
2929,1
2930,1
2931,0
2932,0
2933,0
2934,0
2935,0
2936,0
2937,0
2938,0
2939,0
2940,0
2941,0
2942,0
2943,0
2944,0
2945,0
2946,0
2947,0
2948,0
2949,0
2950,0
2951,0
2952,0
2953,1
2954,1
2955,1
2956,1
2957,0
2958,1
2959,0
2960,0
2961,0
2962,0
2963,0
2964,0
2965,0
2966,0
2967,0
2968,0
2969,0
2970,0
2971,0
2972,1
2973,0
2974,0
2975,0
2976,1
2977,0
2978,0
2979,0
2980,0
2981,0
2982,0
2983,0
2984,0
2985,1
2986,1
2987,0
2988,0
2989,0
2990,0
2991,0
2992,0
2993,0
2994,1
2995,0
2996,1
2997,0
2998,0
2999,0
3000,0
3001,0
3002,0
3003,0
3004,0
3005,0
3006,1
3007,0
3008,1
3009,0
3010,1
3011,1
3012,0
3013,1
3014,0
3015,0
3016,0
3017,0
3018,0
3019,0
3020,0
3021,0
3022,1
3023,0
3024,1
3025,0
3026,0
3027,1
3028,0
3029,0
3030,0
3031,0
3032,0
3033,1
3034,1
3035,0
3036,1
3037,0
3038,1
3039,0
3040,0
3041,0
3042,0
3043,0
3044,0
3045,1
3046,0
3047,0
3048,0
3049,1
3050,0
3051,0
3052,1
3053,1
3054,0
3055,0
3056,1
3057,0
3058,0
3059,0
3060,0
3061,0
3062,0
3063,0
3064,0
3065,0
3066,0
3067,0
3068,0
3069,0
3070,0
3071,1
3072,0
3073,0
3074,0
3075,0
3076,1
3077,0
3078,0
3079,1
3080,1
3081,0
3082,0
3083,0
3084,0
3085,0
3086,0
3087,0
3088,0
3089,0
3090,0
3091,0
3092,0
3093,0
3094,0
3095,0
3096,1
3097,0
3098,0
3099,0
3100,1
3101,0
3102,0
3103,0
3104,0
3105,0
3106,0
3107,0
3108,0
3109,0
3110,1
3111,0
3112,0
3113,0
3114,0
3115,0
3116,0
3117,0
3118,0
3119,0
3120,0
3121,0
3122,0
3123,0
3124,1
3125,0
3126,0
3127,1
3128,0
3129,0
3130,0
3131,0
3132,0
3133,0
3134,0
3135,0
3136,0
3137,0
3138,0
3139,0
3140,0
3141,0
3142,0
3143,1
3144,0
3145,0
3146,0
3147,0
3148,0
3149,0
3150,0
3151,0
3152,0
3153,0
3154,0
3155,1
3156,0
3157,0
3158,0
3159,0
3160,0
3161,0
3162,0
3163,0
3164,0
3165,0
3166,1
3167,0
3168,0
3169,0
3170,0
3171,0
3172,0
3173,0
3174,0
3175,0
3176,0
3177,0
3178,0
3179,0
3180,0
3181,0
3182,0
3183,0
3184,0
3185,0
3186,0
3187,0
3188,1
3189,0
3190,0
3191,0
3192,0
3193,0
3194,0
3195,0
3196,1
3197,0
3198,0
3199,1
3200,0
3201,0
3202,0
3203,0
3204,0
3205,0
3206,0
3207,0
3208,0
3209,0
3210,0
3211,0
3212,0
3213,0
3214,0
3215,0
3216,0
3217,0
3218,0
3219,0
3220,0
3221,0
3222,0
3223,0
3224,0
3225,0
3226,0
3227,0
3228,0
3229,0
3230,1
3231,1
3232,0
3233,0
3234,0
3235,1
3236,0
3237,0
3238,0
3239,0
3240,0
3241,0
3242,0
3243,1
3244,0
3245,0
3246,0
3247,0
3248,0
3249,0
3250,0
3251,0
3252,0
3253,0
3254,0
3255,0
3256,0
3257,0
3258,0
3259,0
3260,0
3261,0
3262,0
3263,0
3264,0
3265,0
3266,0
3267,1
3268,0
3269,1
3270,0
3271,1
3272,0
3273,0
3274,0
3275,0
3276,0
3277,0
3278,0
3279,0
3280,0
3281,0
3282,0
3283,0
3284,0
3285,0
3286,0
3287,0
3288,0
3289,0
3290,1
3291,0
3292,0
3293,0
3294,0
3295,0
3296,1
3297,0
3298,0
3299,0
3300,0
3301,0
3302,0
3303,0
3304,1
3305,0
3306,1
3307,1
3308,0
3309,0
3310,0
3311,0
3312,0
3313,0
3314,0
3315,1
3316,0
3317,0
3318,0
3319,0
3320,0
3321,0
3322,0
3323,0
3324,0
3325,0
3326,0
3327,0
3328,0
3329,0
3330,0
3331,0
3332,0
3333,0
3334,0
3335,0
3336,0
3337,1
3338,0
3339,0
3340,0
3341,1
3342,0
3343,0
3344,0
3345,1
3346,0
3347,0
3348,1
3349,0
3350,1
3351,1
3352,0
3353,0
3354,0
3355,0
3356,1
3357,0
3358,0
3359,0
3360,0
3361,0
3362,0
3363,0
3364,0
3365,0
3366,0
3367,0
3368,1
3369,0
3370,0
3371,0
3372,0
3373,0
3374,0
3375,1
3376,0
3377,0
3378,0
3379,0
3380,0
3381,0
3382,0
3383,0
3384,0
3385,0
3386,0
3387,0
3388,0
3389,1
3390,0
3391,0
3392,0
3393,0
3394,0
3395,0
3396,0
3397,0
3398,0
3399,0
3400,0
3401,0
3402,0
3403,1
3404,1
3405,0
3406,0
3407,0
3408,0
3409,0
3410,0
3411,0
3412,0
3413,0
3414,0
3415,0
3416,0
3417,0
3418,0
3419,0
3420,0
3421,0
3422,0
3423,0
3424,0
3425,0
3426,0
3427,0
3428,0
3429,0
3430,0
3431,0
3432,0
3433,0
3434,0
3435,1
3436,0
3437,0
3438,1
3439,0
3440,0
3441,0
3442,0
3443,0
3444,0
3445,1
3446,0
3447,1
3448,0
3449,0
3450,0
3451,0
3452,1
3453,0
3454,0
3455,0
3456,0
3457,0
3458,0
3459,1
3460,0
3461,0
3462,0
3463,0
3464,1
3465,0
3466,0
3467,0
3468,0
3469,0
3470,0
3471,0
3472,0
3473,0
3474,0
3475,1
3476,0
3477,0
3478,0
3479,0
3480,0
3481,0
3482,0
3483,0
3484,0
3485,0
3486,0
3487,1
3488,0
3489,0
3490,0
3491,0
3492,0
3493,0
3494,0
3495,0
3496,1
3497,0
3498,0
3499,0
3500,0
3501,0
3502,0
3503,0
3504,0
3505,0
3506,0
3507,0
3508,0
3509,0
3510,0
3511,0
3512,0
3513,0
3514,0
3515,0
3516,0
3517,0
3518,0
3519,0
3520,0
3521,0
3522,1
3523,0
3524,0
3525,0
3526,0
3527,1
3528,0
3529,0
3530,0
3531,1
3532,0
3533,1
3534,0
3535,0
3536,0
3537,0
3538,1
3539,0
3540,0
3541,0
3542,0
3543,0
3544,0
3545,0
3546,0
3547,0
3548,0
3549,0
3550,0
3551,0
3552,0
3553,1
3554,1
3555,0
3556,0
3557,1
3558,0
3559,1
3560,1
3561,0
3562,1
3563,0
3564,0
3565,0
3566,0
3567,1
3568,0
3569,0
3570,0
3571,1
3572,1
3573,0
3574,0
3575,1
3576,1
3577,0
3578,0
3579,0
3580,0
3581,0
3582,1
3583,0
3584,1
3585,0
3586,1
3587,0
3588,0
3589,0
3590,1
3591,0
3592,0
3593,0
3594,0
3595,0
3596,0
3597,0
3598,1
3599,0
3600,1
3601,1
3602,0
3603,0
3604,1
3605,0
3606,0
3607,0
3608,1
3609,0
3610,0
3611,1
3612,0
3613,0
3614,1
3615,0
3616,0
3617,0
3618,0
3619,0
3620,0
3621,0
3622,1
3623,0
3624,0
3625,0
3626,0
3627,1
3628,0
3629,0
3630,0
3631,1
3632,0
3633,0
3634,0
3635,0
3636,0
3637,1
3638,0
3639,1
3640,0
3641,0
3642,1
3643,1
3644,1
3645,0
3646,0
3647,1
3648,0
3649,0
3650,1
3651,0
3652,0
3653,1
3654,1
3655,0
3656,0
3657,0
3658,0
3659,0
3660,0
3661,0
3662,1
3663,0
3664,0
3665,1
3666,0
3667,1
3668,0
3669,1
3670,1
3671,1
3672,0
3673,1
3674,1
3675,1
3676,1
3677,1
3678,0
3679,1
3680,1
3681,0
3682,0
3683,0
3684,1
3685,0
3686,0
3687,0
3688,0
3689,0
3690,0
3691,0
3692,0
3693,1
3694,0
3695,1
3696,0
3697,0
3698,0
3699,1
3700,0
3701,1
3702,0
3703,0
3704,1
3705,1
3706,0
3707,1
3708,0
3709,1
3710,0
3711,0
3712,0
3713,0
3714,0
3715,0
3716,0
3717,1
3718,0
3719,1
3720,0
3721,0
3722,0
3723,0
3724,0
3725,0
3726,0
3727,0
3728,1
3729,1
3730,0
3731,1
3732,1
3733,1
3734,1
3735,1
3736,0
3737,0
3738,0
3739,0
3740,0
3741,0
3742,1
3743,1
3744,1
3745,1
3746,0
3747,1
3748,1
3749,0
3750,0
3751,1
3752,1
3753,0
3754,0
3755,0
3756,1
3757,0
3758,0
3759,0
3760,0
3761,0
3762,1
3763,1
3764,0
3765,0
3766,0
3767,0
3768,0
3769,0
3770,0
3771,0
3772,1
3773,0
3774,0
3775,0
3776,0
3777,0
3778,1
3779,0
3780,0
3781,0
3782,0
3783,0
3784,0
3785,0
3786,1
3787,1
3788,0
3789,0
3790,0
3791,1
3792,0
3793,0
3794,0
3795,0
3796,0
3797,1
3798,1
3799,0
3800,0
3801,0
3802,0
3803,0
3804,1
3805,0
3806,1
3807,1
3808,0
3809,0
3810,0
3811,0
3812,0
3813,0
3814,0
3815,0
3816,0
3817,1
3818,0
3819,0
3820,0
3821,0
3822,0
3823,0
3824,0
3825,1
3826,1
3827,0
3828,0
3829,0
3830,0
3831,0
3832,0
3833,0
3834,1
3835,0
3836,0
3837,0
3838,1
3839,0
3840,0
3841,0
3842,1
3843,0
3844,0
3845,0
3846,1
3847,0
3848,0
3849,0
3850,0
3851,0
3852,1
3853,0
3854,1
3855,1
3856,1
3857,0
3858,1
3859,1
3860,0
3861,0
3862,0
3863,1
3864,0
3865,0
3866,0
3867,0
3868,0
3869,0
3870,0
3871,0
3872,0
3873,0
3874,0
3875,0
3876,1
3877,0
3878,0
3879,0
3880,0
3881,1
3882,0
3883,0
3884,0
3885,0
3886,1
3887,1
3888,1
3889,0
3890,0
3891,0
3892,1
3893,0
3894,0
3895,0
3896,1
3897,0
3898,0
3899,0
3900,0
3901,1
3902,0
3903,1
3904,0
3905,0
3906,0
3907,0
3908,0
3909,0
3910,0
3911,0
3912,0
3913,1
3914,0
3915,0
3916,1
3917,0
3918,1
3919,0
3920,0
3921,0
3922,0
3923,0
3924,0
3925,0
3926,0
3927,0
3928,0
3929,0
3930,0
3931,1
3932,0
3933,0
3934,0
3935,0
3936,0
3937,0
3938,0
3939,1
3940,1
3941,0
3942,1
3943,0
3944,1
3945,0
3946,0
3947,0
3948,0
3949,1
3950,0
3951,0
3952,0
3953,0
3954,0
3955,0
3956,0
3957,0
3958,0
3959,0
3960,0
3961,0
3962,0
3963,0
3964,0
3965,0
3966,0
3967,0
3968,0
3969,0
3970,0
3971,0
3972,1
3973,0
3974,0
3975,0
3976,0
3977,0
3978,0
3979,1
3980,0
3981,0
3982,0
3983,1
3984,0
3985,0
3986,0
3987,1
3988,0
3989,0
3990,0
3991,0
3992,0
3993,0
3994,0
3995,0
3996,0
3997,0
3998,1
3999,0
4000,0
4001,1
4002,0
4003,0
4004,0
4005,0
4006,0
4007,0
4008,0
4009,0
4010,1
4011,0
4012,0
4013,0
4014,0
4015,0
4016,0
4017,0
4018,0
4019,0
4020,0
4021,1
4022,0
4023,0
4024,0
4025,0
4026,0
4027,0
4028,0
4029,0
4030,0
4031,1
4032,1
4033,0
4034,0
4035,0
4036,0
4037,1
4038,1
4039,0
4040,0
4041,0
4042,0
4043,1
4044,0
4045,0
4046,0
4047,0
4048,0
4049,0
4050,0
4051,0
4052,1
4053,0
4054,1
4055,0
4056,0
4057,0
4058,0
4059,0
4060,0
4061,0
4062,0
4063,0
4064,0
4065,1
4066,1
4067,0
4068,0
4069,0
4070,1
4071,0
4072,0
4073,1
4074,0
4075,0
4076,0
4077,0
4078,0
4079,0
4080,0
4081,1
4082,0
4083,0
4084,0
4085,0
4086,1
4087,0
4088,0
4089,1
4090,0
4091,0
4092,0
4093,0
4094,0
4095,1
4096,0
4097,0
4098,0
4099,0
4100,0
4101,0
4102,0
4103,0
4104,0
4105,0
4106,0
4107,0
4108,0
4109,0
4110,1
4111,0
4112,0
4113,0
4114,0
4115,0
4116,0
4117,0
4118,0
4119,0
4120,0
4121,0
4122,0
4123,0
4124,0
4125,0
4126,1
4127,0
4128,0
4129,0
4130,0
4131,1
4132,1
4133,0
4134,0
4135,1
4136,0
4137,0
4138,0
4139,0
4140,1
4141,0
4142,0
4143,0
4144,0
4145,0
4146,0
4147,0
4148,0
4149,1
4150,0
4151,0
4152,0
4153,1
4154,0
4155,0
4156,0
4157,1
4158,0
4159,0
4160,0
4161,0
4162,0
4163,0
4164,0
4165,0
4166,0
4167,1
4168,0
4169,0
4170,0
4171,0
4172,1
4173,0
4174,0
4175,0
4176,0
4177,0
4178,1
4179,0
4180,0
4181,0
4182,1
4183,0
4184,0
4185,0
4186,0
4187,0
4188,0
4189,0
4190,0
4191,0
4192,0
4193,0
4194,0
4195,0
4196,1
4197,0
4198,0
4199,0
4200,0
4201,0
4202,1
4203,1
4204,0
4205,0
4206,1
4207,0
4208,0
4209,0
4210,0
4211,0
4212,0
4213,0
4214,0
4215,1
4216,0
4217,1
4218,1
4219,0
4220,0
4221,0
4222,0
4223,0
4224,1
4225,0
4226,0
4227,1
4228,1
4229,0
4230,0
4231,1
4232,0
4233,0
4234,0
4235,0
4236,1
4237,0
4238,1
4239,0
4240,0
4241,1
4242,0
4243,0
4244,0
4245,0
4246,0
4247,0
4248,0
4249,1
4250,0
4251,0
4252,0
4253,0
4254,0
4255,0
4256,0
4257,0
4258,1
4259,0
4260,0
4261,1
4262,0
4263,1
4264,0
4265,0
4266,0
4267,0
4268,1
4269,0
4270,0
4271,1
4272,0
4273,0
4274,0
4275,0
4276,0
4277,0
4278,0
4279,0
4280,0
4281,0
4282,0
4283,0
4284,0
4285,0
4286,0
4287,0
4288,0
4289,0
4290,0
4291,1
4292,0
4293,0
4294,0
4295,0
4296,0
4297,0
4298,0
4299,0
4300,0
4301,0
4302,0
4303,0
4304,0
4305,0
4306,0
4307,0
4308,0
4309,1
4310,0
4311,0
4312,0
4313,1
4314,0
4315,0
4316,0
4317,0
4318,0
4319,0
4320,0
4321,0
4322,0
4323,0
4324,0
4325,0
4326,0
4327,1
4328,0
4329,0
4330,0
4331,0
4332,0
4333,0
4334,0
4335,0
4336,0
4337,1
4338,0
4339,1
4340,1
4341,1
4342,0
4343,1
4344,1
4345,0
4346,0
4347,0
4348,0
4349,0
4350,0
4351,0
4352,1
4353,0
4354,0
4355,0
4356,1
4357,0
4358,1
4359,0
4360,0
4361,0
4362,1
4363,0
4364,0
4365,0
4366,0
4367,0
4368,0
4369,1
4370,1
4371,0
4372,0
4373,0
4374,1
4375,0
4376,1
4377,0
4378,0
4379,0
4380,0
4381,0
4382,1
4383,0
4384,0
4385,1
4386,0
4387,0
4388,0
4389,0
4390,0
4391,0
4392,0
4393,0
4394,0
4395,0
4396,1
4397,0
4398,0
4399,0
4400,0
4401,0
4402,0
4403,0
4404,0
4405,0
4406,1
4407,0
4408,0
4409,0
4410,1
4411,0
4412,0
4413,0
4414,0
4415,0
4416,0
4417,1
4418,0
4419,0
4420,0
4421,0
4422,0
4423,0
4424,1
4425,0
4426,0
4427,0
4428,1
4429,0
4430,1
4431,0
4432,0
4433,1
4434,1
4435,0
4436,1
4437,0
4438,0
4439,0
4440,1
4441,0
4442,0
4443,1
4444,0
4445,0
4446,0
4447,0
4448,0
4449,0
4450,1
4451,0
4452,1
4453,1
4454,1
4455,0
4456,0
4457,1
4458,1
4459,0
4460,0
4461,0
4462,0
4463,0
4464,0
4465,0
4466,1
4467,0
4468,0
4469,0
4470,0
4471,0
4472,0
4473,0
4474,1
4475,0
4476,0
4477,0
4478,0
4479,0
4480,1
4481,0
4482,0
4483,0
4484,0
4485,0
4486,0
4487,0
4488,0
4489,0
4490,0
4491,1
4492,0
4493,0
4494,0
4495,0
4496,0
4497,0
4498,1
4499,0
4500,1
4501,1
4502,1
4503,1
4504,1
4505,0
4506,0
4507,0
4508,0
4509,0
4510,0
4511,1
4512,0
4513,0
4514,0
4515,0
4516,0
4517,0
4518,0
4519,0
4520,1
4521,0
4522,0
4523,0
4524,0
4525,0
4526,0
4527,0
4528,0
4529,0
4530,0
4531,0
4532,0
4533,1
4534,0
4535,0
4536,0
4537,0
4538,0
4539,0
4540,1
4541,0
4542,0
4543,0
4544,0
4545,0
4546,1
4547,0
4548,0
4549,0
4550,0
4551,0
4552,0
4553,0
4554,0
4555,0
4556,0
4557,0
4558,0
4559,0
4560,1
4561,0
4562,0
4563,0
4564,1
4565,1
4566,0
4567,1
4568,0
4569,1
4570,0
4571,0
4572,0
4573,0
4574,0
4575,1
4576,1
4577,0
4578,1
4579,1
4580,1
4581,0
4582,0
4583,1
4584,0
4585,0
4586,1
4587,0
4588,0
4589,1
4590,0
4591,0
4592,0
4593,0
4594,0
4595,0
4596,0
4597,1
4598,1
4599,0
4600,0
4601,0
4602,0
4603,0
4604,0
4605,0
4606,0
4607,0
4608,0
4609,0
4610,0
4611,0
4612,0
4613,0
4614,1
4615,0
4616,1
4617,0
4618,0
4619,0
4620,0
4621,0
4622,1
4623,0
4624,0
4625,1
4626,0
4627,0
4628,1
4629,0
4630,0
4631,1
4632,0
4633,0
4634,0
4635,0
4636,0
4637,0
4638,0
4639,0
4640,0
4641,1
4642,0
4643,1
4644,0
4645,0
4646,0
4647,0
4648,0
4649,1
4650,1
4651,0
4652,0
4653,0
4654,0
4655,0
4656,0
4657,1
4658,0
4659,0
4660,0
4661,0
4662,0
4663,0
4664,0
4665,0
4666,0
4667,0
4668,0
4669,0
4670,0
4671,0
4672,0
4673,0
4674,0
4675,0
4676,0
4677,0
4678,0
4679,0
4680,0
4681,0
4682,0
4683,0
4684,0
4685,0
4686,0
4687,1
4688,0
4689,0
4690,0
4691,0
4692,0
4693,1
4694,0
4695,0
4696,0
4697,1
4698,1
4699,0
4700,0
4701,0
4702,0
4703,0
4704,0
4705,0
4706,0
4707,0
4708,0
4709,0
4710,1
4711,0
4712,0
4713,0
4714,0
4715,0
4716,0
4717,1
4718,0
4719,0
4720,0
4721,0
4722,0
4723,0
4724,1
4725,0
4726,0
4727,0
4728,0
4729,0
4730,1
4731,0
4732,0
4733,0
4734,0
4735,0
4736,0
4737,0
4738,0
4739,0
4740,0
4741,0
4742,0
4743,0
4744,1
4745,0
4746,0
4747,0
4748,0
4749,0
4750,0
4751,0
4752,0
4753,0
4754,0
4755,0
4756,0
4757,0
4758,0
4759,0
4760,0
4761,0
4762,0
4763,0
4764,0
4765,0
4766,0
4767,0
4768,0
4769,0
4770,0
4771,0
4772,0
4773,0
4774,0
4775,0
4776,0
4777,0
4778,0
4779,0
4780,0
4781,0
4782,0
4783,0
4784,0
4785,0
4786,0
4787,0
4788,1
4789,1
4790,0
4791,0
4792,0
4793,1
4794,0
4795,0
4796,1
4797,0
4798,0
4799,1
4800,0
4801,0
4802,0
4803,0
4804,0
4805,0
4806,0
4807,0
4808,0
4809,0
4810,0
4811,0
4812,0
4813,1
4814,0
4815,0
4816,1
4817,0
4818,0
4819,0
4820,0
4821,0
4822,0
4823,0
4824,0
4825,0
4826,0
4827,0
4828,0
4829,0
4830,0
4831,0
4832,0
4833,0
4834,0
4835,0
4836,1
4837,0
4838,0
4839,0
4840,0
4841,0
4842,1
4843,0
4844,0
4845,0
4846,0
4847,1
4848,0
4849,0
4850,0
4851,0
4852,0
4853,0
4854,0
4855,0
4856,0
4857,0
4858,0
4859,0
4860,0
4861,0
4862,0
4863,0
4864,0
4865,0
4866,0
4867,0
4868,0
4869,0
4870,0
4871,0
4872,0
4873,0
4874,0
4875,0
4876,0
4877,0
4878,0
4879,0
4880,0
4881,0
4882,0
4883,0
4884,0
4885,0
4886,0
4887,0
4888,0
4889,1
4890,1
4891,0
4892,0
4893,0
4894,0
4895,0
4896,0
4897,0
4898,0
4899,0
4900,0
4901,0
4902,0
4903,0
4904,0
4905,0
4906,0
4907,0
4908,0
4909,1
4910,0
4911,1
4912,1
4913,0
4914,0
4915,0
4916,0
4917,0
4918,0
4919,0
4920,0
4921,0
4922,0
4923,0
4924,0
4925,0
4926,0
4927,0
4928,0
4929,0
4930,0
4931,0
4932,0
4933,0
4934,1
4935,0
4936,0
4937,0
4938,0
4939,0
4940,0
4941,1
4942,0
4943,0
4944,0
4945,1
4946,1
4947,0
4948,0
4949,0
4950,0
4951,1
4952,0
4953,0
4954,0
4955,0
4956,0
4957,0
4958,0
4959,0
4960,0
4961,1
4962,0
4963,0
4964,0
4965,0
4966,0
4967,0
4968,0
4969,0
4970,0
4971,0
4972,0
4973,0
4974,0
4975,0
4976,1
4977,1
4978,1
4979,0
4980,0
4981,1
4982,1
4983,1
4984,0
4985,1
4986,0
4987,1
4988,0
4989,1
4990,1
4991,0
4992,0
4993,1
4994,1
4995,0
4996,1
4997,0
4998,1
4999,0
5000,0
5001,0
5002,1
5003,0
5004,0
5005,0
5006,1
5007,0
5008,0
5009,0
5010,1
5011,1
5012,1
5013,0
5014,0
5015,0
5016,0
5017,0
5018,1
5019,0
5020,0
5021,0
5022,0
5023,1
5024,1
5025,1
5026,0
5027,1
5028,1
5029,0
5030,0
5031,1
5032,0
5033,1
5034,0
5035,0
5036,1
5037,0
5038,0
5039,1
5040,0
5041,0
5042,0
5043,0
5044,1
5045,0
5046,0
5047,0
5048,1
5049,0
5050,0
5051,0
5052,1
5053,0
5054,0
5055,0
5056,0
5057,1
5058,0
5059,1
5060,0
5061,1
5062,0
5063,1
5064,1
5065,1
5066,1
5067,1
5068,1
5069,1
5070,0
5071,0
5072,1
5073,1
5074,1
5075,0
5076,0
5077,0
5078,0
5079,1
5080,0
5081,0
5082,1
5083,0
5084,1
5085,0
5086,1
5087,0
5088,1
5089,1
5090,0
5091,1
5092,1
5093,1
5094,1
5095,0
5096,0
5097,0
5098,0
5099,0
5100,1
5101,1
5102,1
5103,0
5104,1
5105,0
5106,0
5107,0
5108,0
5109,1
5110,0
5111,1
5112,0
5113,1
5114,0
5115,1
5116,1
5117,0
5118,0
5119,0
5120,1
5121,1
5122,0
5123,0
5124,0
5125,1
5126,0
5127,0
5128,0
5129,0
5130,0
5131,0
5132,0
5133,0
5134,0
5135,1
5136,0
5137,0
5138,0
5139,0
5140,0
5141,0
5142,0
5143,0
5144,0
5145,1
5146,1
5147,1
5148,1
5149,1
5150,1
5151,0
5152,0
5153,0
5154,0
5155,0
5156,0
5157,0
5158,0
5159,0
5160,0
5161,0
5162,0
5163,0
5164,1
5165,0
5166,0
5167,1
5168,0
5169,0
5170,0
5171,0
5172,0
5173,0
5174,0
5175,1
5176,0
5177,0
5178,0
5179,1
5180,0
5181,1
5182,0
5183,0
5184,0
5185,0
5186,0
5187,1
5188,0
5189,0
5190,0
5191,1
5192,0
5193,1
5194,0
5195,0
5196,1
5197,1
5198,0
5199,1
5200,0
5201,0
5202,0
5203,0
5204,0
5205,0
5206,0
5207,0
5208,0
5209,0
5210,1
5211,0
5212,1
5213,0
5214,0
5215,0
5216,0
5217,0
5218,0
5219,0
5220,0
5221,0
5222,0
5223,0
5224,0
5225,0
5226,0
5227,0
5228,1
5229,1
5230,0
5231,1
5232,1
5233,1
5234,0
5235,1
5236,0
5237,1
5238,0
5239,0
5240,0
5241,0
5242,1
5243,0
5244,1
5245,1
5246,0
5247,0
5248,0
5249,0
5250,0
5251,0
5252,0
5253,1
5254,0
5255,0
5256,0
5257,0
5258,0
5259,0
5260,1
5261,0
5262,0
5263,0
5264,0
5265,1
5266,1
5267,0
5268,0
5269,0
5270,0
5271,0
5272,0
5273,0
5274,0
5275,0
5276,0
5277,1
5278,0
5279,0
5280,0
5281,0
5282,0
5283,1
5284,0
5285,0
5286,1
5287,0
5288,0
5289,0
5290,0
5291,0
5292,0
5293,1
5294,0
5295,0
5296,1
5297,0
5298,1
5299,0
5300,0
5301,0
5302,1
5303,0
5304,0
5305,0
5306,1
5307,0
5308,1
5309,0
5310,0
5311,0
5312,1
5313,0
5314,0
5315,1
5316,0
5317,0
5318,0
5319,0
5320,0
5321,0
5322,1
5323,0
5324,0
5325,0
5326,0
5327,0
5328,0
5329,0
5330,0
5331,1
5332,0
5333,0
5334,0
5335,0
5336,0
5337,0
5338,0
5339,0
5340,0
5341,0
5342,1
5343,0
5344,0
5345,0
5346,0
5347,0
5348,1
5349,0
5350,0
5351,0
5352,0
5353,0
5354,0
5355,0
5356,0
5357,0
5358,1
5359,1
5360,1
5361,1
5362,0
5363,1
5364,1
5365,0
5366,0
5367,0
5368,1
5369,0
5370,1
5371,0
5372,1
5373,0
5374,0
5375,0
5376,0
5377,0
5378,1
5379,0
5380,0
5381,0
5382,0
5383,0
5384,0
5385,0
5386,0
5387,0
5388,0
5389,0
5390,0
5391,0
5392,0
5393,0
5394,0
5395,0
5396,1
5397,1
5398,0
5399,0
5400,1
5401,1
5402,1
5403,0
5404,0
5405,0
5406,0
5407,0
5408,0
5409,0
5410,1
5411,0
5412,0
5413,0
5414,0
5415,0
5416,0
5417,1
5418,0
5419,0
5420,0
5421,1
5422,1
5423,0
5424,0
5425,1
5426,0
5427,0
5428,0
5429,1
5430,0
5431,0
5432,0
5433,0
5434,0
5435,0
5436,1
5437,0
5438,0
5439,0
5440,0
5441,1
5442,0
5443,1
5444,1
5445,1
5446,0
5447,1
5448,0
5449,0
5450,0
5451,0
5452,0
5453,0
5454,0
5455,1
5456,0
5457,0
5458,0
5459,0
5460,0
5461,0
5462,0
5463,0
5464,0
5465,1
5466,0
5467,0
5468,0
5469,0
5470,1
5471,1
5472,0
5473,0
5474,0
5475,1
5476,1
5477,0
5478,1
5479,0
5480,0
5481,0
5482,1
5483,0
5484,0
5485,0
5486,0
5487,0
5488,0
5489,0
5490,0
5491,0
5492,0
5493,0
5494,0
5495,0
5496,0
5497,1
5498,0
5499,0
5500,0
5501,0
5502,1
5503,0
5504,1
5505,0
5506,0
5507,1
5508,0
5509,0
5510,0
5511,0
5512,1
5513,0
5514,0
5515,0
5516,0
5517,1
5518,1
5519,1
5520,0
5521,0
5522,0
5523,0
5524,0
5525,0
5526,0
5527,0
5528,0
5529,0
5530,0
5531,1
5532,0
5533,0
5534,0
5535,0
5536,0
5537,0
5538,0
5539,0
5540,0
5541,0
5542,0
5543,0
5544,0
5545,0
5546,0
5547,0
5548,0
5549,0
5550,0
5551,1
5552,0
5553,0
5554,0
5555,0
5556,0
5557,0
5558,0
5559,0
5560,0
5561,1
5562,0
5563,1
5564,0
5565,0
5566,0
5567,0
5568,0
5569,0
5570,0
5571,1
5572,1
5573,1
5574,1
5575,0
5576,0
5577,0
5578,0
5579,0
5580,0
5581,0
5582,0
5583,0
5584,0
5585,0
5586,0
5587,0
5588,0
5589,0
5590,0
5591,0
5592,0
5593,0
5594,0
5595,0
5596,0
5597,0
5598,0
5599,0
5600,0
5601,0
5602,0
5603,0
5604,0
5605,0
5606,0
5607,0
5608,0
5609,0
5610,0
5611,0
5612,0
5613,0
5614,0
5615,0
5616,0
5617,0
5618,0
5619,0
5620,0
5621,0
5622,0
5623,0
5624,1
5625,0
5626,1
5627,0
5628,0
5629,0
5630,1
5631,1
5632,0
5633,0
5634,0
5635,0
5636,0
5637,0
5638,0
5639,0
5640,0
5641,0
5642,0
5643,0
5644,1
5645,0
5646,0
5647,1
5648,0
5649,0
5650,0
5651,0
5652,0
5653,0
5654,0
5655,0
5656,1
5657,0
5658,0
5659,0
5660,1
5661,0
5662,0
5663,0
5664,0
5665,0
5666,0
5667,0
5668,0
5669,0
5670,0
5671,0
5672,0
5673,0
5674,0
5675,1
5676,0
5677,0
5678,0
5679,0
5680,0
5681,0
5682,0
5683,1
5684,0
5685,0
5686,0
5687,0
5688,0
5689,0
5690,0
5691,0
5692,0
5693,0
5694,0
5695,0
5696,0
5697,0
5698,0
5699,0
5700,0
5701,0
5702,1
5703,0
5704,0
5705,0
5706,0
5707,0
5708,0
5709,0
5710,0
5711,0
5712,0
5713,0
5714,0
5715,0
5716,0
5717,0
5718,0
5719,0
5720,0
5721,0
5722,0
5723,0
5724,0
5725,1
5726,0
5727,0
5728,0
5729,0
5730,0
5731,0
5732,0
5733,0
5734,0
5735,0
5736,0
5737,0
5738,0
5739,0
5740,0
5741,0
5742,0
5743,0
5744,0
5745,0
5746,0
5747,0
5748,0
5749,0
5750,0
5751,0
5752,0
5753,0
5754,0
5755,0
5756,0
5757,0
5758,0
5759,0
5760,0
5761,0
5762,0
5763,0
5764,0
5765,0
5766,1
5767,0
5768,0
5769,1
5770,0
5771,0
5772,0
5773,0
5774,0
5775,0
5776,0
5777,0
5778,0
5779,0
5780,0
5781,0
5782,0
5783,0
5784,0
5785,1
5786,0
5787,0
5788,0
5789,0
5790,0
5791,1
5792,1
5793,1
5794,0
5795,0
5796,0
5797,0
5798,0
5799,0
5800,0
5801,0
5802,1
5803,1
5804,1
5805,0
5806,0
5807,0
5808,0
5809,0
5810,1
5811,0
5812,0
5813,0
5814,1
5815,0
5816,0
5817,0
5818,0
5819,0
5820,1
5821,1
5822,0
5823,0
5824,0
5825,0
5826,0
5827,0
5828,0
5829,0
5830,1
5831,1
5832,1
5833,0
5834,1
5835,1
5836,1
5837,0
5838,1
5839,1
5840,1
5841,1
5842,1
5843,0
5844,0
5845,0
5846,0
5847,0
5848,0
5849,1
5850,0
5851,0
5852,0
5853,0
5854,0
5855,0
5856,0
5857,0
5858,0
5859,0
5860,0
5861,0
5862,0
5863,0
5864,0
5865,0
5866,0
5867,0
5868,0
5869,0
5870,0
5871,1
5872,1
5873,0
5874,0
5875,0
5876,1
5877,0
5878,0
5879,0
5880,0
5881,0
5882,0
5883,1
5884,0
5885,0
5886,1
5887,0
5888,0
5889,0
5890,0
5891,0
5892,0
5893,0
5894,0
5895,0
5896,1
5897,0
5898,0
5899,0
5900,1
5901,1
5902,0
5903,0
5904,0
5905,0
5906,0
5907,0
5908,0
5909,0
5910,0
5911,0
5912,0
5913,0
5914,1
5915,0
5916,0
5917,0
5918,0
5919,0
5920,1
5921,1
5922,0
5923,0
5924,1
5925,0
5926,0
5927,0
5928,0
5929,0
5930,0
5931,0
5932,0
5933,0
5934,0
5935,0
5936,1
5937,0
5938,1
5939,0
5940,0
5941,0
5942,1
5943,0
5944,0
5945,0
5946,1
5947,0
5948,0
5949,0
5950,0
5951,0
5952,0
5953,0
5954,0
5955,0
5956,1
5957,0
5958,0
5959,0
5960,0
5961,0
5962,0
5963,0
5964,1
5965,1
5966,1
5967,0
5968,0
5969,0
5970,1
5971,0
5972,0
5973,0
5974,0
5975,1
5976,0
5977,0
5978,0
5979,1
5980,0
5981,0
5982,0
5983,0
5984,0
5985,0
5986,0
5987,0
5988,0
5989,0
5990,0
5991,0
5992,0
5993,0
5994,0
5995,1
5996,0
5997,0
5998,0
5999,0
6000,1
6001,0
6002,0
6003,0
6004,0
6005,0
6006,0
6007,0
6008,0
6009,1
6010,0
6011,0
6012,0
6013,1
6014,1
6015,1
6016,0
6017,0
6018,0
6019,0
6020,0
6021,0
6022,0
6023,0
6024,0
6025,0
6026,1
6027,0
6028,0
6029,0
6030,0
6031,0
6032,0
6033,0
6034,0
6035,1
6036,0
6037,1
6038,0
6039,0
6040,0
6041,0
6042,0
6043,0
6044,0
6045,0
6046,0
6047,0
6048,0
6049,0
6050,0
6051,0
6052,0
6053,0
6054,0
6055,0
6056,0
6057,0
6058,0
6059,0
6060,0
6061,0
6062,0
6063,0
6064,0
6065,1
6066,1
6067,0
6068,0
6069,1
6070,0
6071,1
6072,1
6073,0
6074,0
6075,0
6076,0
6077,0
6078,0
6079,0
6080,0
6081,0
6082,1
6083,0
6084,0
6085,1
6086,1
6087,1
6088,0
6089,0
6090,0
6091,0
6092,0
6093,1
6094,0
6095,0
6096,0
6097,0
6098,0
6099,1
6100,0
6101,0
6102,0
6103,0
6104,0
6105,0
6106,0
6107,0
6108,0
6109,1
6110,0
6111,0
6112,0
6113,0
6114,0
6115,0
6116,0
6117,0
6118,0
6119,1
6120,0
6121,0
6122,0
6123,0
6124,0
6125,0
6126,0
6127,0
6128,0
6129,0
6130,0
6131,0
6132,0
6133,0
6134,0
6135,0
6136,0
6137,0
6138,0
6139,1
6140,0
6141,0
6142,0
6143,1
6144,0
6145,0
6146,1
6147,0
6148,0
6149,0
6150,1
6151,0
6152,0
6153,1
6154,0
6155,0
6156,0
6157,0
6158,0
6159,0
6160,0
6161,0
6162,0
6163,0
6164,1
6165,0
6166,0
6167,0
6168,1
6169,0
6170,0
6171,0
6172,0
6173,0
6174,0
6175,1
6176,0
6177,0
6178,0
6179,0
6180,0
6181,0
6182,1
6183,0
6184,0
6185,0
6186,0
6187,0
6188,0
6189,0
6190,0
6191,0
6192,0
6193,0
6194,1
6195,0
6196,0
6197,0
6198,0
6199,0
6200,0
6201,0
6202,0
6203,0
6204,0
6205,0
6206,0
6207,0
6208,0
6209,0
6210,0
6211,0
6212,0
6213,0
6214,0
6215,0
6216,0
6217,0
6218,0
6219,0
6220,0
6221,0
6222,0
6223,1
6224,1
6225,1
6226,0
6227,0
6228,0
6229,0
6230,0
6231,0
6232,0
6233,0
6234,0
6235,0
6236,0
6237,0
6238,0
6239,0
6240,0
6241,0
6242,0
6243,0
6244,0
6245,0
6246,1
6247,1
6248,0
6249,1
6250,0
6251,1
6252,1
6253,0
6254,1
6255,0
6256,0
6257,0
6258,1
6259,0
6260,0
6261,0
6262,0
6263,0
6264,0
6265,1
6266,0
6267,0
6268,0
6269,0
6270,0
6271,0
6272,0
6273,0
6274,0
6275,0
6276,1
6277,0
6278,0
6279,0
6280,0
6281,0
6282,0
6283,0
6284,0
6285,0
6286,0
6287,0
6288,0
6289,0
6290,0
6291,0
6292,0
6293,0
6294,0
6295,0
6296,0
6297,0
6298,0
6299,0
6300,0
6301,0
6302,0
6303,0
6304,0
6305,0
6306,0
6307,0
6308,0
6309,0
6310,1
6311,0
6312,1
6313,0
6314,0
6315,0
6316,0
6317,0
6318,0
6319,1
6320,0
6321,0
6322,1
6323,0
6324,0
6325,0
6326,0
6327,0
6328,0
6329,0
6330,0
6331,0
6332,0
6333,0
6334,0
6335,0
6336,0
6337,0
6338,0
6339,0
6340,0
6341,0
6342,0
6343,0
6344,0
6345,0
6346,0
6347,0
6348,0
6349,0
6350,0
6351,0
6352,0
6353,1
6354,0
6355,1
6356,1
6357,0
6358,0
6359,0
6360,0
6361,0
6362,0
6363,0
6364,0
6365,0
6366,0
6367,0
6368,0
6369,0
6370,0
6371,0
6372,0
6373,0
6374,0
6375,0
6376,0
6377,0
6378,0
6379,1
6380,0
6381,0
6382,0
6383,0
6384,1
6385,0
6386,1
6387,0
6388,0
6389,0
6390,0
6391,0
6392,0
6393,0
6394,0
6395,0
6396,0
6397,0
6398,0
6399,0
6400,0
6401,0
6402,0
6403,0
6404,0
6405,1
6406,0
6407,0
6408,0
6409,0
6410,0
6411,0
6412,0
6413,0
6414,0
6415,1
6416,0
6417,0
6418,0
6419,1
6420,0
6421,0
6422,0
6423,1
6424,0
6425,0
6426,0
6427,0
6428,0
6429,0
6430,0
6431,0
6432,0
6433,0
6434,0
6435,0
6436,1
6437,0
6438,0
6439,0
6440,0
6441,0
6442,0
6443,1
6444,0
6445,0
6446,0
6447,0
6448,0
6449,0
6450,0
6451,0
6452,1
6453,1
6454,0
6455,0
6456,0
6457,0
6458,0
6459,0
6460,0
6461,0
6462,0
6463,0
6464,0
6465,0
6466,0
6467,0
6468,0
6469,0
6470,0
6471,0
6472,1
6473,0
6474,0
6475,0
6476,0
6477,0
6478,0
6479,1
6480,0
6481,0
6482,0
6483,0
6484,0
6485,0
6486,0
6487,0
6488,0
6489,0
6490,1
6491,0
6492,0
6493,0
6494,0
6495,0
6496,1
6497,0
6498,0
6499,0
6500,0
6501,0
6502,0
6503,0
6504,0
6505,0
6506,1
6507,1
6508,0
6509,1
6510,0
6511,0
6512,1
6513,1
6514,0
6515,1
6516,0
6517,0
6518,0
6519,0
6520,0
6521,0
6522,0
6523,0
6524,0
6525,1
6526,0
6527,0
6528,0
6529,0
6530,0
6531,1
6532,1
6533,0
6534,0
6535,0
6536,0
6537,0
6538,0
6539,0
6540,0
6541,0
6542,0
6543,0
6544,0
6545,0
6546,0
6547,0
6548,0
6549,0
6550,0
6551,0
6552,0
6553,0
6554,0
6555,0
6556,0
6557,0
6558,0
6559,0
6560,0
6561,0
6562,0
6563,1
6564,0
6565,0
6566,0
6567,0
6568,0
6569,0
6570,0
6571,0
6572,0
6573,0
6574,0
6575,1
6576,0
6577,0
6578,1
6579,0
6580,0
6581,0
6582,0
6583,0
6584,0
6585,0
6586,0
6587,0
6588,0
6589,0
6590,0
6591,0
6592,0
6593,0
6594,0
6595,0
6596,0
6597,0
6598,0
6599,0
6600,0
6601,0
6602,0
6603,1
6604,1
6605,0
6606,0
6607,1
6608,0
6609,0
6610,1
6611,0
6612,1
6613,1
6614,0
6615,0
6616,0
6617,0
6618,0
6619,0
6620,1
6621,0
6622,0
6623,0
6624,0
6625,1
6626,0
6627,1
6628,0
6629,0
6630,1
6631,0
6632,0
6633,1
6634,1
6635,0
6636,1
6637,1
6638,0
6639,1
6640,0
6641,1
6642,1
6643,0
6644,0
6645,0
6646,1
6647,0
6648,0
6649,0
6650,0
6651,0
6652,0
6653,0
6654,1
6655,0
6656,0
6657,0
6658,0
6659,0
6660,0
6661,0
6662,0
6663,0
6664,0
6665,1
6666,1
6667,1
6668,1
6669,1
6670,0
6671,1
6672,0
6673,0
6674,1
6675,0
6676,0
6677,1
6678,0
6679,0
6680,1
6681,0
6682,0
6683,0
6684,0
6685,0
6686,0
6687,0
6688,1
6689,0
6690,0
6691,0
6692,1
6693,0
6694,1
6695,1
6696,0
6697,0
6698,0
6699,0
6700,0
6701,0
6702,0
6703,0
6704,0
6705,0
6706,0
6707,0
6708,0
6709,0
6710,0
6711,0
6712,1
6713,0
6714,0
6715,0
6716,1
6717,0
6718,1
6719,1
6720,0
6721,0
6722,1
6723,0
6724,0
6725,0
6726,0
6727,1
6728,0
6729,0
6730,1
6731,1
6732,1
6733,1
6734,1
6735,1
6736,1
6737,1
6738,0
6739,0
6740,0
6741,0
6742,0
6743,1
6744,0
6745,1
6746,0
6747,0
6748,0
6749,0
6750,0
6751,1
6752,0
6753,0
6754,0
6755,0
6756,0
6757,0
6758,1
6759,0
6760,1
6761,1
6762,0
6763,1
6764,0
6765,0
6766,1
6767,0
6768,0
6769,0
6770,0
6771,0
6772,0
6773,0
6774,0
6775,0
6776,1
6777,0
6778,1
6779,0
6780,0
6781,0
6782,1
6783,0
6784,1
6785,0
6786,0
6787,0
6788,0
6789,1
6790,1
6791,0
6792,1
6793,1
6794,0
6795,0
6796,0
6797,0
6798,0
6799,0
6800,0
6801,0
6802,1
6803,1
6804,0
6805,0
6806,0
6807,1
6808,0
6809,1
6810,0
6811,0
6812,0
6813,0
6814,0
6815,0
6816,0
6817,0
6818,0
6819,0
6820,0
6821,0
6822,0
6823,0
6824,0
6825,0
6826,0
6827,0
6828,0
6829,0
6830,1
6831,0
6832,1
6833,0
6834,0
6835,0
6836,1
6837,1
6838,0
6839,0
6840,0
6841,0
6842,0
6843,0
6844,0
6845,0
6846,0
6847,0
6848,0
6849,1
6850,0
6851,0
6852,0
6853,0
6854,0
6855,0
6856,0
6857,0
6858,1
6859,0
6860,0
6861,0
6862,0
6863,0
6864,0
6865,0
6866,0
6867,0
6868,0
6869,0
6870,0
6871,0
6872,0
6873,0
6874,0
6875,0
6876,0
6877,0
6878,0
6879,0
6880,0
6881,0
6882,1
6883,0
6884,1
6885,0
6886,0
6887,0
6888,0
6889,1
6890,0
6891,0
6892,0
6893,0
6894,0
6895,1
6896,0
6897,0
6898,0
6899,0
6900,0
6901,0
6902,0
6903,0
6904,0
6905,1
6906,0
6907,0
6908,0
6909,0
6910,0
6911,1
6912,0
6913,0
6914,1
6915,0
6916,0
6917,0
6918,0
6919,0
6920,0
6921,0
6922,0
6923,0
6924,0
6925,0
6926,0
6927,0
6928,0
6929,1
6930,0
6931,0
6932,0
6933,0
6934,1
6935,1
6936,0
6937,0
6938,0
6939,0
6940,0
6941,0
6942,0
6943,0
6944,1
6945,0
6946,1
6947,0
6948,0
6949,0
6950,0
6951,0
6952,1
6953,0
6954,0
6955,0
6956,0
6957,0
6958,0
6959,0
6960,0
6961,0
6962,0
6963,0
6964,0
6965,0
6966,0
6967,0
6968,0
6969,1
6970,1
6971,0
6972,0
6973,0
6974,0
6975,1
6976,0
6977,1
6978,0
6979,0
6980,0
6981,1
6982,0
6983,1
6984,0
6985,1
6986,0
6987,0
6988,0
6989,0
6990,0
6991,0
6992,0
6993,0
6994,0
6995,0
6996,0
6997,0
6998,0
6999,0
7000,0
7001,0
7002,0
7003,0
7004,0
7005,0
7006,0
7007,0
7008,0
7009,0
7010,0
7011,0
7012,0
7013,0
7014,0
7015,0
7016,0
7017,0
7018,0
7019,0
7020,0
7021,0
7022,0
7023,0
7024,0
7025,0
7026,0
7027,0
7028,0
7029,0
7030,0
7031,0
7032,0
7033,0
7034,0
7035,0
7036,0
7037,0
7038,0
7039,0
7040,0
7041,0
7042,0
7043,0
7044,0
7045,0
7046,0
7047,0
7048,0
7049,0
7050,0
7051,0
7052,1
7053,0
7054,0
7055,0
7056,0
7057,0
7058,0
7059,0
7060,0
7061,0
7062,0
7063,0
7064,0
7065,0
7066,0
7067,0
7068,0
7069,0
7070,0
7071,0
7072,0
7073,0
7074,0
7075,0
7076,0
7077,0
7078,1
7079,0
7080,0
7081,0
7082,0
7083,0
7084,0
7085,0
7086,0
7087,0
7088,0
7089,0
7090,0
7091,0
7092,0
7093,0
7094,0
7095,0
7096,0
7097,0
7098,0
7099,0
7100,0
7101,0
7102,0
7103,0
7104,0
7105,0
7106,0
7107,0
7108,0
7109,0
7110,0
7111,0
7112,0
7113,0
7114,0
7115,0
7116,0
7117,0
7118,0
7119,0
7120,0
7121,0
7122,0
7123,0
7124,0
7125,0
7126,0
7127,0
7128,0
7129,0
7130,0
7131,0
7132,0
7133,0
7134,0
7135,0
7136,0
7137,0
7138,0
7139,0
7140,0
7141,0
7142,0
7143,0
7144,0
7145,0
7146,0
7147,0
7148,0
7149,0
7150,0
7151,0
7152,0
7153,0
7154,0
7155,0
7156,0
7157,0
7158,0
7159,0
7160,0
7161,0
7162,0
7163,0
7164,0
7165,0
7166,0
7167,0
7168,0
7169,0
7170,0
7171,0
7172,0
7173,0
7174,0
7175,0
7176,0
7177,0
7178,1
7179,0
7180,0
7181,0
7182,0
7183,0
7184,0
7185,0
7186,0
7187,0
7188,0
7189,0
7190,0
7191,0
7192,0
7193,0
7194,0
7195,0
7196,0
7197,0
7198,0
7199,0
7200,0
7201,0
7202,0
7203,0
7204,0
7205,0
7206,0
7207,0
7208,0
7209,0
7210,0
7211,0
7212,0
7213,0
7214,0
7215,0
7216,0
7217,0
7218,0
7219,0
7220,0
7221,0
7222,0
7223,0
7224,1
7225,1
7226,1
7227,0
7228,1
7229,0
7230,0
7231,0
7232,0
7233,0
7234,0
7235,1
7236,1
7237,1
7238,0
7239,0
7240,1
7241,1
7242,1
7243,1
7244,1
7245,0
7246,0
7247,1
7248,1
7249,0
7250,0
7251,1
7252,1
7253,0
7254,0
7255,0
7256,0
7257,0
7258,0
7259,1
7260,0
7261,0
7262,0
7263,0
7264,1
7265,1
7266,0
7267,1
7268,0
7269,1
7270,0
7271,0
7272,1
7273,0
7274,1
7275,1
7276,0
7277,0
7278,0
7279,1
7280,0
7281,0
7282,0
7283,0
7284,0
7285,0
7286,0
7287,1
7288,0
7289,0
7290,0
7291,0
7292,1
7293,0
7294,0
7295,0
7296,0
7297,0
7298,1
7299,0
7300,1
7301,0
7302,0
7303,0
7304,1
7305,0
7306,1
7307,0
7308,0
7309,0
7310,0
7311,0
7312,0
7313,0
7314,0
7315,1
7316,0
7317,0
7318,1
7319,0
7320,0
7321,0
7322,0
7323,1
7324,0
7325,1
7326,0
7327,0
7328,1
7329,1
7330,0
7331,0
7332,0
7333,0
7334,0
7335,0
7336,1
7337,0
7338,0
7339,0
7340,0
7341,0
7342,0
7343,0
7344,0
7345,1
7346,0
7347,1
7348,1
7349,0
7350,1
7351,0
7352,1
7353,0
7354,1
7355,1
7356,1
7357,0
7358,1
7359,1
7360,0
7361,0
7362,0
7363,0
7364,1
7365,0
7366,0
7367,0
7368,0
7369,0
7370,0
7371,1
7372,0
7373,0
7374,0
7375,0
7376,0
7377,0
7378,1
7379,0
7380,0
7381,0
7382,0
7383,0
7384,1
7385,0
7386,1
7387,1
7388,0
7389,0
7390,0
7391,1
7392,0
7393,0
7394,0
7395,0
7396,0
7397,1
7398,0
7399,0
7400,0
7401,0
7402,0
7403,0
7404,0
7405,0
7406,0
7407,0
7408,0
7409,0
7410,0
7411,0
7412,0
7413,0
7414,0
7415,0
7416,0
7417,0
7418,0
7419,1
7420,0
7421,0
7422,0
7423,0
7424,0
7425,0
7426,0
7427,0
7428,0
7429,0
7430,0
7431,0
7432,0
7433,0
7434,0
7435,0
7436,0
7437,0
7438,0
7439,0
7440,0
7441,0
7442,0
7443,0
7444,0
7445,0
7446,0
7447,0
7448,0
7449,0
7450,0
7451,0
7452,0
7453,1
7454,0
7455,1
7456,0
7457,0
7458,0
7459,1
7460,0
7461,0
7462,0
7463,0
7464,0
7465,0
7466,0
7467,0
7468,0
7469,0
7470,0
7471,0
7472,0
7473,0
7474,0
7475,0
7476,0
7477,1
7478,0
7479,0
7480,0
7481,0
7482,0
7483,0
7484,1
7485,0
7486,0
7487,0
7488,0
7489,0
7490,0
7491,0
7492,0
7493,0
7494,0
7495,0
7496,0
7497,1
7498,0
7499,1
7500,1
7501,0
7502,1
7503,1
7504,1
7505,0
7506,0
7507,0
7508,0
7509,1
7510,0
7511,0
7512,0
7513,0
7514,0
7515,0
7516,0
7517,0
7518,0
7519,0
7520,0
7521,0
7522,0
7523,0
7524,0
7525,0
7526,0
7527,0
7528,0
7529,0
7530,0
7531,0
7532,0
7533,0
7534,0
7535,0
7536,0
7537,0
7538,0
7539,1
7540,0
7541,0
7542,0
7543,0
7544,0
7545,0
7546,0
7547,1
7548,0
7549,1
7550,1
7551,0
7552,0
7553,0
7554,0
7555,0
7556,0
7557,1
7558,0
7559,0
7560,0
7561,0
7562,0
7563,0
7564,0
7565,0
7566,1
7567,0
7568,0
7569,1
7570,1
7571,0
7572,1
7573,0
7574,1
7575,1
7576,1
7577,1
7578,0
7579,0
7580,0
7581,0
7582,0
7583,0
7584,0
7585,1
7586,0
7587,0
7588,0
7589,0
7590,0
7591,1
7592,0
7593,0
7594,0
7595,0
7596,0
7597,0
7598,0
7599,0
7600,0
7601,1
7602,0
7603,0
7604,0
7605,0
7606,0
7607,0
7608,0
7609,0
7610,0
7611,0
7612,0
7613,0
7614,0
7615,0
7616,0
7617,0
7618,0
7619,0
7620,1
7621,0
7622,0
7623,1
7624,0
7625,0
7626,0
7627,0
7628,1
7629,0
7630,0
7631,1
7632,0
7633,0
7634,0
7635,0
7636,0
7637,0
7638,0
7639,0
7640,0
7641,0
7642,0
7643,0
7644,0
7645,0
7646,0
7647,0
7648,0
7649,0
7650,0
7651,0
7652,0
7653,0
7654,0
7655,0
7656,0
7657,0
7658,0
7659,0
7660,0
7661,0
7662,0
7663,0
7664,0
7665,0
7666,0
7667,0
7668,0
7669,0
7670,0
7671,0
7672,0
7673,0
7674,0
7675,0
7676,0
7677,0
7678,0
7679,0
7680,0
7681,0
7682,0
7683,0
7684,0
7685,0
7686,0
7687,0
7688,0
7689,0
7690,0
7691,0
7692,0
7693,0
7694,0
7695,0
7696,0
7697,0
7698,0
7699,0
7700,0
7701,0
7702,0
7703,0
7704,0
7705,0
7706,0
7707,0
7708,0
7709,1
7710,1
7711,0
7712,0
7713,0
7714,0
7715,0
7716,0
7717,0
7718,0
7719,0
7720,0
7721,0
7722,0
7723,0
7724,0
7725,0
7726,0
7727,0
7728,0
7729,0
7730,0
7731,0
7732,0
7733,0
7734,1
7735,0
7736,1
7737,1
7738,0
7739,0
7740,0
7741,0
7742,0
7743,0
7744,0
7745,0
7746,0
7747,0
7748,0
7749,0
7750,0
7751,0
7752,0
7753,0
7754,0
7755,0
7756,1
7757,0
7758,0
7759,0
7760,1
7761,0
7762,0
7763,0
7764,0
7765,0
7766,0
7767,0
7768,0
7769,0
7770,0
7771,0
7772,0
7773,0
7774,0
7775,1
7776,0
7777,0
7778,0
7779,1
7780,0
7781,0
7782,0
7783,0
7784,0
7785,0
7786,0
7787,0
7788,0
7789,0
7790,0
7791,1
7792,0
7793,0
7794,0
7795,1
7796,0
7797,0
7798,0
7799,0
7800,1
7801,0
7802,0
7803,0
7804,0
7805,0
7806,0
7807,1
7808,0
7809,0
7810,0
7811,0
7812,0
7813,0
7814,0
7815,0
7816,0
7817,0
7818,0
7819,0
7820,0
7821,0
7822,0
7823,1
7824,0
7825,0
7826,0
7827,0
7828,0
7829,0
7830,0
7831,0
7832,0
7833,0
7834,0
7835,0
7836,0
7837,0
7838,0
7839,0
7840,0
7841,0
7842,1
7843,0
7844,0
7845,0
7846,0
7847,0
7848,0
7849,1
7850,0
7851,0
7852,0
7853,0
7854,0
7855,0
7856,0
7857,0
7858,0
7859,0
7860,0
7861,0
7862,0
7863,0
7864,0
7865,0
7866,0
7867,0
7868,0
7869,0
7870,0
7871,0
7872,0
7873,0
7874,0
7875,0
7876,0
7877,1
7878,0
7879,0
7880,0
7881,0
7882,1
7883,0
7884,0
7885,1
7886,0
7887,0
7888,0
7889,0
7890,0
7891,0
7892,1
7893,0
7894,0
7895,0
7896,0
7897,1
7898,1
7899,0
7900,0
7901,0
7902,1
7903,0
7904,0
7905,0
7906,0
7907,0
7908,0
7909,0
7910,0
7911,1
7912,0
7913,0
7914,1
7915,0
7916,0
7917,0
7918,0
7919,0
7920,0
7921,0
7922,0
7923,0
7924,0
7925,0
7926,0
7927,0
7928,0
7929,0
7930,0
7931,0
7932,0
7933,0
7934,0
7935,0
7936,0
7937,0
7938,0
7939,0
7940,0
7941,0
7942,0
7943,0
7944,0
7945,0
7946,0
7947,0
7948,0
7949,0
7950,0
7951,0
7952,1
7953,0
7954,0
7955,0
7956,1
7957,0
7958,0
7959,0
7960,0
7961,0
7962,0
7963,0
7964,0
7965,1
7966,0
7967,0
7968,0
7969,1
7970,0
7971,0
7972,0
7973,0
7974,0
7975,0
7976,0
7977,0
7978,0
7979,1
7980,1
7981,0
7982,1
7983,0
7984,0
7985,0
7986,0
7987,0
7988,0
7989,0
7990,0
7991,0
7992,0
7993,0
7994,0
7995,0
7996,0
7997,0
7998,0
7999,0
8000,0
8001,0
8002,0
8003,1
8004,0
8005,0
8006,0
8007,0
8008,0
8009,0
8010,0
8011,1
8012,0
8013,0
8014,0
8015,0
8016,0
8017,0
8018,0
8019,0
8020,0
8021,0
8022,0
8023,0
8024,0
8025,0
8026,0
8027,0
8028,0
8029,0
8030,0
8031,0
8032,0
8033,0
8034,0
8035,0
8036,0
8037,0
8038,0
8039,0
8040,0
8041,0
8042,1
8043,0
8044,0
8045,0
8046,0
8047,0
8048,0
8049,1
8050,0
8051,0
8052,1
8053,0
8054,1
8055,0
8056,0
8057,1
8058,0
8059,0
8060,0
8061,0
8062,0
8063,0
8064,0
8065,0
8066,0
8067,0
8068,0
8069,0
8070,0
8071,0
8072,0
8073,0
8074,0
8075,0
8076,0
8077,0
8078,0
8079,0
8080,0
8081,0
8082,0
8083,0
8084,0
8085,0
8086,0
8087,0
8088,0
8089,0
8090,0
8091,0
8092,0
8093,0
8094,0
8095,0
8096,0
8097,0
8098,0
8099,0
8100,1
8101,0
8102,0
8103,1
8104,0
8105,0
8106,0
8107,0
8108,0
8109,1
8110,0
8111,0
8112,0
8113,0
8114,0
8115,0
8116,0
8117,0
8118,0
8119,0
8120,0
8121,0
8122,0
8123,1
8124,0
8125,0
8126,0
8127,1
8128,1
8129,0
8130,0
8131,0
8132,1
8133,0
8134,0
8135,0
8136,0
8137,1
8138,0
8139,0
8140,0
8141,0
8142,0
8143,0
8144,0
8145,0
8146,0
8147,0
8148,0
8149,0
8150,0
8151,0
8152,0
8153,0
8154,0
8155,1
8156,0
8157,0
8158,0
8159,0
8160,0
8161,1
8162,0
8163,1
8164,0
8165,1
8166,1
8167,0
8168,0
8169,0
8170,0
8171,0
8172,0
8173,0
8174,0
8175,0
8176,0
8177,1
8178,1
8179,0
8180,1
8181,1
8182,0
8183,1
8184,0
8185,0
8186,0
8187,0
8188,1
8189,0
8190,1
8191,0
8192,0
8193,0
8194,0
8195,0
8196,0
8197,0
8198,0
8199,0
8200,0
8201,0
8202,0
8203,0
8204,0
8205,0
8206,0
8207,1
8208,1
8209,0
8210,0
8211,0
8212,0
8213,0
8214,0
8215,0
8216,0
8217,0
8218,0
8219,0
8220,1
8221,0
8222,0
8223,0
8224,0
8225,0
8226,0
8227,0
8228,1
8229,0
8230,0
8231,0
8232,0
8233,0
8234,0
8235,0
8236,0
8237,0
8238,0
8239,0
8240,0
8241,0
8242,0
8243,0
8244,1
8245,0
8246,0
8247,0
8248,0
8249,0
8250,0
8251,0
8252,0
8253,1
8254,0
8255,0
8256,0
8257,0
8258,0
8259,0
8260,0
8261,0
8262,0
8263,0
8264,0
8265,0
8266,0
8267,0
8268,0
8269,0
8270,0
8271,0
8272,0
8273,0
8274,0
8275,0
8276,0
8277,0
8278,0
8279,0
8280,0
8281,0
8282,0
8283,0
8284,0
8285,0
8286,1
8287,0
8288,0
8289,0
8290,0
8291,0
8292,0
8293,0
8294,0
8295,0
8296,0
8297,0
8298,0
8299,0
8300,0
8301,0
8302,0
8303,0
8304,0
8305,0
8306,0
8307,0
8308,0
8309,0
8310,0
8311,0
8312,0
8313,1
8314,0
8315,0
8316,0
8317,0
8318,0
8319,0
8320,0
8321,0
8322,0
8323,0
8324,0
8325,0
8326,0
8327,0
8328,0
8329,1
8330,0
8331,0
8332,0
8333,0
8334,0
8335,0
8336,0
8337,0
8338,0
8339,0
8340,0
8341,0
8342,0
8343,0
8344,0
8345,0
8346,1
8347,0
8348,0
8349,0
8350,0
8351,0
8352,0
8353,0
8354,0
8355,0
8356,0
8357,0
8358,0
8359,0
8360,0
8361,0
8362,0
8363,0
8364,0
8365,0
8366,0
8367,0
8368,0
8369,0
8370,1
8371,0
8372,0
8373,0
8374,0
8375,0
8376,0
8377,0
8378,0
8379,0
8380,0
8381,0
8382,0
8383,0
8384,0
8385,0
8386,0
8387,0
8388,0
8389,0
8390,0
8391,0
8392,0
8393,0
8394,0
8395,0
8396,0
8397,0
8398,0
8399,0
8400,0
8401,0
8402,0
8403,0
8404,0
8405,0
8406,0
8407,0
8408,0
8409,0
8410,0
8411,0
8412,0
8413,0
8414,0
8415,0
8416,0
8417,0
8418,0
8419,1
8420,0
8421,0
8422,0
8423,0
8424,1
8425,0
8426,0
8427,0
8428,0
8429,0
8430,0
8431,0
8432,0
8433,0
8434,0
8435,0
8436,0
8437,0
8438,0
8439,0
8440,0
8441,0
8442,0
8443,0
8444,0
8445,0
8446,0
8447,0
8448,0
8449,0
8450,0
8451,0
8452,0
8453,0
8454,0
8455,0
8456,0
8457,0
8458,0
8459,1
8460,0
8461,0
8462,0
8463,0
8464,1
8465,1
8466,0
8467,0
8468,0
8469,1
8470,0
8471,1
8472,0
8473,1
8474,0
8475,0
8476,0
8477,1
8478,0
8479,0
8480,0
8481,0
8482,0
8483,0
8484,0
8485,0
8486,0
8487,0
8488,0
8489,0
8490,0
8491,1
8492,0
8493,0
8494,1
8495,0
8496,0
8497,0
8498,0
8499,0
8500,0
8501,0
8502,0
8503,0
8504,0
8505,1
8506,0
8507,1
8508,1
8509,0
8510,0
8511,1
8512,0
8513,0
8514,1
8515,0
8516,0
8517,0
8518,1
8519,0
8520,1
8521,0
8522,0
8523,0
8524,1
8525,1
8526,0
8527,0
8528,0
8529,0
8530,0
8531,0
8532,0
8533,0
8534,0
8535,0
8536,0
8537,0
8538,0
8539,0
8540,0
8541,0
8542,0
8543,1
8544,1
8545,0
8546,0
8547,0
8548,0
8549,0
8550,0
8551,0
8552,1
8553,0
8554,0
8555,1
8556,1
8557,1
8558,0
8559,0
8560,1
8561,0
8562,0
8563,0
8564,0
8565,0
8566,0
8567,0
8568,0
8569,0
8570,0
8571,0
8572,1
8573,0
8574,1
8575,1
8576,0
8577,1
8578,0
8579,0
8580,0
8581,0
8582,0
8583,0
8584,0
8585,0
8586,0
8587,0
8588,0
8589,1
8590,0
8591,0
8592,0
8593,0
8594,0
8595,0
8596,1
8597,1
8598,1
8599,0
8600,1
8601,0
8602,0
8603,0
8604,0
8605,0
8606,0
8607,1
8608,0
8609,0
8610,0
8611,0
8612,0
8613,0
8614,0
8615,1
8616,0
8617,0
8618,0
8619,1
8620,0
8621,1
8622,1
8623,0
8624,1
8625,0
8626,1
8627,0
8628,0
8629,0
8630,0
8631,0
8632,0
8633,0
8634,0
8635,0
8636,0
8637,0
8638,0
8639,0
8640,0
8641,1
8642,1
8643,0
8644,0
8645,1
8646,1
8647,0
8648,0
8649,0
8650,0
8651,1
8652,0
8653,0
8654,0
8655,0
8656,1
8657,1
8658,1
8659,1
8660,1
8661,0
8662,0
8663,0
8664,0
8665,1
8666,0
8667,1
8668,0
8669,1
8670,0
8671,1
8672,1
8673,0
8674,1
8675,0
8676,0
8677,1
8678,1
8679,0
8680,1
8681,0
8682,0
8683,1
8684,0
8685,0
8686,0
8687,0
8688,1
8689,0
8690,0
8691,0
8692,1
8693,0
8694,0
8695,0
8696,0
8697,0
8698,0
8699,1
8700,1
8701,0
8702,0
8703,0
8704,0
8705,0
8706,1
8707,0
8708,1
8709,0
8710,0
8711,0
8712,1
8713,0
8714,0
8715,0
8716,1
8717,0
8718,1
8719,0
8720,0
8721,0
8722,1
8723,1
8724,0
8725,1
8726,0
8727,1
8728,0
8729,0
8730,0
8731,0
8732,0
8733,0
8734,0
8735,1
8736,0
8737,0
8738,0
8739,1
8740,0
8741,0
8742,1
8743,1
8744,0
8745,0
8746,0
8747,0
8748,1
8749,0
8750,1
8751,0
8752,0
8753,0
8754,0
8755,0
8756,0
8757,0
8758,1
8759,0
8760,1
8761,1
8762,0
8763,0
8764,0
8765,0
8766,0
8767,0
8768,0
8769,0
8770,0
8771,1
8772,0
8773,1
8774,1
8775,0
8776,1
8777,1
8778,0
8779,0
8780,0
8781,0
8782,0
8783,0
8784,0
8785,1
8786,0
8787,1
8788,0
8789,0
8790,0
8791,1
8792,1
8793,0
8794,1
8795,1
8796,0
8797,0
8798,0
8799,0
8800,0
8801,0
8802,0
8803,1
8804,0
8805,0
8806,0
8807,0
8808,0
8809,0
8810,0
8811,0
8812,0
8813,1
8814,0
8815,0
8816,0
8817,0
8818,1
8819,1
8820,0
8821,1
8822,0
8823,0
8824,0
8825,0
8826,1
8827,0
8828,0
8829,0
8830,0
8831,0
8832,0
8833,0
8834,0
8835,0
8836,0
8837,1
8838,1
8839,0
8840,0
8841,1
8842,1
8843,1
8844,0
8845,1
8846,0
8847,1
8848,0
8849,0
8850,0
8851,0
8852,0
8853,0
8854,1
8855,0
8856,0
8857,0
8858,0
8859,1
8860,0
8861,0
8862,0
8863,0
8864,0
8865,1
8866,0
8867,0
8868,0
8869,0
8870,0
8871,0
8872,0
8873,0
8874,0
8875,0
8876,0
8877,0
8878,0
8879,1
8880,0
8881,0
8882,1
8883,1
8884,0
8885,1
8886,1
8887,1
8888,0
8889,0
8890,0
8891,1
8892,0
8893,0
8894,0
8895,1
8896,0
8897,0
8898,0
8899,0
8900,0
8901,0
8902,0
8903,1
8904,0
8905,0
8906,0
8907,0
8908,0
8909,0
8910,0
8911,1
8912,0
8913,0
8914,0
8915,0
8916,0
8917,0
8918,0
8919,0
8920,1
8921,0
8922,0
8923,0
8924,0
8925,0
8926,0
8927,1
8928,0
8929,0
8930,0
8931,1
8932,0
8933,0
8934,0
8935,0
8936,0
8937,0
8938,0
8939,0
8940,0
8941,0
8942,1
8943,0
8944,0
8945,0
8946,0
8947,0
8948,0
8949,0
8950,0
8951,0
8952,0
8953,0
8954,0
8955,0
8956,0
8957,0
8958,1
8959,0
8960,0
8961,0
8962,0
8963,0
8964,0
8965,0
8966,0
8967,0
8968,0
8969,1
8970,0
8971,0
8972,1
8973,0
8974,0
8975,0
8976,0
8977,0
8978,0
8979,0
8980,0
8981,1
8982,0
8983,0
8984,0
8985,0
8986,0
8987,0
8988,0
8989,0
8990,0
8991,0
8992,0
8993,0
8994,0
8995,0
8996,0
8997,0
8998,0
8999,0
9000,0
9001,0
9002,0
9003,0
9004,0
9005,1
9006,0
9007,0
9008,0
9009,0
9010,0
9011,0
9012,0
9013,1
9014,0
9015,0
9016,0
9017,0
9018,0
9019,0
9020,0
9021,0
9022,0
9023,1
9024,0
9025,0
9026,0
9027,0
9028,0
9029,0
9030,0
9031,0
9032,0
9033,0
9034,1
9035,0
9036,1
9037,0
9038,0
9039,1
9040,0
9041,0
9042,0
9043,0
9044,0
9045,1
9046,0
9047,0
9048,0
9049,0
9050,0
9051,1
9052,0
9053,0
9054,0
9055,0
9056,0
9057,0
9058,1
9059,0
9060,0
9061,0
9062,0
9063,0
9064,0
9065,0
9066,0
9067,0
9068,0
9069,0
9070,0
9071,0
9072,0
9073,0
9074,0
9075,0
9076,0
9077,0
9078,0
9079,0
9080,0
9081,0
9082,0
9083,0
9084,0
9085,0
9086,0
9087,0
9088,0
9089,0
9090,0
9091,0
9092,0
9093,0
9094,0
9095,0
9096,0
9097,0
9098,0
9099,0
9100,0
9101,0
9102,0
9103,0
9104,0
9105,0
9106,0
9107,0
9108,0
9109,0
9110,0
9111,0
9112,0
9113,0
9114,0
9115,0
9116,0
9117,0
9118,0
9119,0
9120,0
9121,0
9122,0
9123,0
9124,0
9125,0
9126,0
9127,0
9128,0
9129,1
9130,0
9131,0
9132,1
9133,0
9134,0
9135,0
9136,0
9137,0
9138,0
9139,0
9140,0
9141,0
9142,0
9143,0
9144,0
9145,0
9146,0
9147,0
9148,0
9149,0
9150,0
9151,0
9152,0
9153,0
9154,0
9155,0
9156,0
9157,0
9158,0
9159,0
9160,0
9161,0
9162,0
9163,0
9164,0
9165,0
9166,0
9167,0
9168,1
9169,0
9170,0
9171,0
9172,0
9173,1
9174,0
9175,0
9176,0
9177,0
9178,0
9179,0
9180,0
9181,0
9182,0
9183,0
9184,0
9185,0
9186,0
9187,0
9188,0
9189,0
9190,0
9191,0
9192,0
9193,0
9194,0
9195,0
9196,0
9197,0
9198,0
9199,0
9200,0
9201,0
9202,0
9203,0
9204,0
9205,0
9206,0
9207,0
9208,0
9209,0
9210,0
9211,0
9212,0
9213,0
9214,0
9215,0
9216,0
9217,0
9218,0
9219,0
9220,0
9221,0
9222,0
9223,0
9224,0
9225,0
9226,0
9227,0
9228,0
9229,0
9230,0
9231,0
9232,0
9233,0
9234,0
9235,0
9236,0
9237,0
9238,0
9239,0
9240,0
9241,0
9242,0
9243,0
9244,0
9245,0
9246,0
9247,0
9248,0
9249,0
9250,0
9251,1
9252,0
9253,0
9254,0
9255,0
9256,0
9257,0
9258,0
9259,0
9260,0
9261,0
9262,0
9263,0
9264,0
9265,0
9266,0
9267,0
9268,0
9269,0
9270,0
9271,0
9272,0
9273,0
9274,0
9275,0
9276,0
9277,0
9278,0
9279,0
9280,0
9281,0
9282,0
9283,0
9284,0
9285,0
9286,0
9287,0
9288,0
9289,0
9290,0
9291,0
9292,0
9293,0
9294,0
9295,0
9296,0
9297,0
9298,1
9299,0
9300,1
9301,0
9302,0
9303,0
9304,0
9305,0
9306,0
9307,0
9308,0
9309,0
9310,0
9311,0
9312,0
9313,0
9314,0
9315,0
9316,0
9317,0
9318,0
9319,0
9320,0
9321,0
9322,0
9323,0
9324,0
9325,1
9326,1
9327,0
9328,1
9329,0
9330,0
9331,0
9332,0
9333,0
9334,0
9335,0
9336,0
9337,0
9338,0
9339,0
9340,0
9341,0
9342,0
9343,0
9344,0
9345,0
9346,0
9347,0
9348,1
9349,1
9350,0
9351,0
9352,0
9353,0
9354,0
9355,0
9356,0
9357,0
9358,0
9359,0
9360,0
9361,0
9362,0
9363,0
9364,0
9365,0
9366,0
9367,0
9368,0
9369,0
9370,0
9371,1
9372,0
9373,0
9374,0
9375,0
9376,0
9377,0
9378,0
9379,0
9380,0
9381,0
9382,0
9383,0
9384,0
9385,0
9386,0
9387,0
9388,0
9389,0
9390,0
9391,0
9392,0
9393,0
9394,0
9395,0
9396,0
9397,0
9398,1
9399,1
9400,1
9401,1
9402,0
9403,1
9404,0
9405,0
9406,0
9407,0
9408,0
9409,0
9410,0
9411,0
9412,0
9413,0
9414,0
9415,0
9416,0
9417,0
9418,0
9419,0
9420,0
9421,0
9422,0
9423,0
9424,0
9425,1
9426,1
9427,0
9428,1
9429,0
9430,0
9431,0
9432,0
9433,0
9434,0
9435,0
9436,0
9437,0
9438,0
9439,0
9440,0
9441,0
9442,0
9443,0
9444,0
9445,0
9446,0
9447,0
9448,0
9449,0
9450,0
9451,0
9452,0
9453,0
9454,0
9455,0
9456,0
9457,0
9458,0
9459,0
9460,0
9461,0
9462,0
9463,0
9464,0
9465,0
9466,1
9467,1
9468,1
9469,0
9470,0
9471,0
9472,0
9473,0
9474,0
9475,0
9476,0
9477,0
9478,0
9479,0
9480,0
9481,0
9482,0
9483,0
9484,1
9485,0
9486,0
9487,1
9488,1
9489,1
9490,0
9491,1
9492,1
9493,0
9494,0
9495,0
9496,0
9497,0
9498,0
9499,0
9500,0
9501,0
9502,0
9503,0
9504,0
9505,0
9506,0
9507,0
9508,0
9509,0
9510,0
9511,0
9512,0
9513,0
9514,0
9515,0
9516,0
9517,1
9518,0
9519,0
9520,0
9521,1
9522,0
9523,0
9524,0
9525,1
9526,0
9527,0
9528,0
9529,0
9530,0
9531,0
9532,0
9533,1
9534,0
9535,0
9536,0
9537,0
9538,0
9539,0
9540,0
9541,0
9542,0
9543,0
9544,0
9545,0
9546,0
9547,0
9548,1
9549,0
9550,0
9551,0
9552,0
9553,0
9554,0
9555,0
9556,0
9557,0
9558,0
9559,0
9560,0
9561,0
9562,0
9563,0
9564,0
9565,0
9566,0
9567,0
9568,0
9569,0
9570,0
9571,0
9572,0
9573,0
9574,0
9575,0
9576,0
9577,0
9578,0
9579,0
9580,0
9581,0
9582,0
9583,0
9584,0
9585,0
9586,0
9587,0
9588,0
9589,0
9590,0
9591,0
9592,0
9593,0
9594,0
9595,0
9596,0
9597,0
9598,0
9599,0
9600,0
9601,0
9602,0
9603,0
9604,0
9605,0
9606,0
9607,0
9608,0
9609,0
9610,0
9611,0
9612,0
9613,0
9614,0
9615,0
9616,0
9617,0
9618,0
9619,0
9620,0
9621,0
9622,0
9623,0
9624,0
9625,0
9626,0
9627,0
9628,0
9629,0
9630,0
9631,0
9632,0
9633,0
9634,0
9635,0
9636,0
9637,0
9638,0
9639,0
9640,0
9641,0
9642,0
9643,0
9644,0
9645,0
9646,0
9647,0
9648,0
9649,1
9650,0
9651,0
9652,0
9653,0
9654,0
9655,0
9656,0
9657,0
9658,0
9659,0
9660,0
9661,0
9662,0
9663,0
9664,0
9665,0
9666,0
9667,0
9668,0
9669,0
9670,0
9671,0
9672,0
9673,0
9674,0
9675,0
9676,0
9677,0
9678,0
9679,0
9680,0
9681,0
9682,0
9683,0
9684,0
9685,0
9686,0
9687,0
9688,0
9689,0
9690,0
9691,0
9692,0
9693,1
9694,0
9695,0
9696,0
9697,0
9698,0
9699,0
